日/時,1 ,2 ,3 ,4 ,5 ,6 ,7 ,8 ,9 ,10 ,11 ,12 ,13 ,14 ,15 ,16 ,17 ,18 ,19 ,20 ,21 ,22 ,23 ,24 
0101,0.0 ,0.0 ,0.0 ,0.0 ,0.0 ,0.0 ,0.0 ,0.0 ,0.0 ,1.0 ,2.0 ,2.0 ,2.0 ,1.0 ,0.0 ,0.0 ,0.0 ,0.0 ,0.0 ,0.0 ,0.0 ,0.0 ,0.0 ,0.0 
0102,0.0 ,0.0 ,0.0 ,0.0 ,0.0 ,0.0 ,0.0 ,0.0 ,1.0 ,3.0 ,5.0 ,6.0 ,6.0 ,4.0 ,2.0 ,1.0 ,0.0 ,0.0 ,0.0 ,0.0 ,0.0 ,0.0 ,0.0 ,0.0 
0103,0.0 ,0.0 ,0.0 ,0.0 ,0.0 ,0.0 ,0.0 ,0.0 ,1.0 ,2.0 ,3.0 ,3.0 ,2.0 ,1.0 ,1.0 ,0.0 ,0.0 ,0.0 ,0.0 ,0.0 ,0.0 ,0.0 ,0.0 ,0.0 
0104,0.0 ,0.0 ,0.0 ,0.0 ,0.0 ,0.0 ,0.0 ,0.0 ,0.0 ,1.0 ,3.0 ,4.0 ,4.0 ,3.0 ,1.0 ,0.0 ,0.0 ,0.0 ,0.0 ,0.0 ,0.0 ,0.0 ,0.0 ,0.0 
0105,0.0 ,0.0 ,0.0 ,0.0 ,0.0 ,0.0 ,0.0 ,0.0 ,1.0 ,3.0 ,5.0 ,6.0 ,5.0 ,3.0 ,2.0 ,1.0 ,0.0 ,0.0 ,0.0 ,0.0 ,0.0 ,0.0 ,0.0 ,0.0 
0106,0.0 ,0.0 ,0.0 ,0.0 ,0.0 ,0.0 ,0.0 ,0.0 ,1.0 ,3.0 ,5.0 ,6.0 ,6.0 ,5.0 ,3.0 ,1.0 ,0.0 ,0.0 ,0.0 ,0.0 ,0.0 ,0.0 ,0.0 ,0.0 
0107,0.0 ,0.0 ,0.0 ,0.0 ,0.0 ,0.0 ,0.0 ,0.0 ,0.0 ,1.0 ,1.0 ,1.0 ,2.0 ,2.0 ,1.0 ,0.0 ,0.0 ,0.0 ,0.0 ,0.0 ,0.0 ,0.0 ,0.0 ,0.0 
0108,0.0 ,0.0 ,0.0 ,0.0 ,0.0 ,0.0 ,0.0 ,0.0 ,1.0 ,2.0 ,3.0 ,4.0 ,4.0 ,3.0 ,2.0 ,1.0 ,0.0 ,0.0 ,0.0 ,0.0 ,0.0 ,0.0 ,0.0 ,0.0 
0109,0.0 ,0.0 ,0.0 ,0.0 ,0.0 ,0.0 ,0.0 ,0.0 ,1.0 ,3.0 ,4.0 ,5.0 ,4.0 ,3.0 ,1.0 ,1.0 ,0.0 ,0.0 ,0.0 ,0.0 ,0.0 ,0.0 ,0.0 ,0.0 
0110,0.0 ,0.0 ,0.0 ,0.0 ,0.0 ,0.0 ,0.0 ,0.0 ,0.0 ,1.0 ,1.0 ,1.0 ,1.0 ,0.0 ,0.0 ,0.0 ,0.0 ,0.0 ,0.0 ,0.0 ,0.0 ,0.0 ,0.0 ,0.0 
0111,0.0 ,0.0 ,0.0 ,0.0 ,0.0 ,0.0 ,0.0 ,0.0 ,0.0 ,1.0 ,2.0 ,4.0 ,4.0 ,3.0 ,1.0 ,0.0 ,0.0 ,0.0 ,0.0 ,0.0 ,0.0 ,0.0 ,0.0 ,0.0 
0112,0.0 ,0.0 ,0.0 ,0.0 ,0.0 ,0.0 ,0.0 ,0.0 ,1.0 ,3.0 ,4.0 ,6.0 ,6.0 ,4.0 ,2.0 ,1.0 ,0.0 ,0.0 ,0.0 ,0.0 ,0.0 ,0.0 ,0.0 ,0.0 
0113,0.0 ,0.0 ,0.0 ,0.0 ,0.0 ,0.0 ,0.0 ,0.0 ,1.0 ,1.0 ,1.0 ,2.0 ,2.0 ,1.0 ,1.0 ,0.0 ,0.0 ,0.0 ,0.0 ,0.0 ,0.0 ,0.0 ,0.0 ,0.0 
0114,0.0 ,0.0 ,0.0 ,0.0 ,0.0 ,0.0 ,0.0 ,0.0 ,1.0 ,2.0 ,5.0 ,6.0 ,5.0 ,2.0 ,1.0 ,0.0 ,0.0 ,0.0 ,0.0 ,0.0 ,0.0 ,0.0 ,0.0 ,0.0 
0115,0.0 ,0.0 ,0.0 ,0.0 ,0.0 ,0.0 ,0.0 ,0.0 ,1.0 ,3.0 ,5.0 ,5.0 ,4.0 ,4.0 ,2.0 ,1.0 ,0.0 ,0.0 ,0.0 ,0.0 ,0.0 ,0.0 ,0.0 ,0.0 
0116,0.0 ,0.0 ,0.0 ,0.0 ,0.0 ,0.0 ,0.0 ,0.0 ,0.0 ,2.0 ,3.0 ,2.0 ,3.0 ,2.0 ,1.0 ,0.0 ,0.0 ,0.0 ,0.0 ,0.0 ,0.0 ,0.0 ,0.0 ,0.0 
0117,0.0 ,0.0 ,0.0 ,0.0 ,0.0 ,0.0 ,0.0 ,0.0 ,1.0 ,2.0 ,2.0 ,4.0 ,3.0 ,3.0 ,3.0 ,1.0 ,0.0 ,0.0 ,0.0 ,0.0 ,0.0 ,0.0 ,0.0 ,0.0 
0118,0.0 ,0.0 ,0.0 ,0.0 ,0.0 ,0.0 ,0.0 ,0.0 ,1.0 ,3.0 ,5.0 ,6.0 ,7.0 ,5.0 ,3.0 ,1.0 ,0.0 ,0.0 ,0.0 ,0.0 ,0.0 ,0.0 ,0.0 ,0.0 
0119,0.0 ,0.0 ,0.0 ,0.0 ,0.0 ,0.0 ,0.0 ,0.0 ,1.0 ,2.0 ,4.0 ,5.0 ,5.0 ,4.0 ,2.0 ,1.0 ,0.0 ,0.0 ,0.0 ,0.0 ,0.0 ,0.0 ,0.0 ,0.0 
0120,0.0 ,0.0 ,0.0 ,0.0 ,0.0 ,0.0 ,0.0 ,0.0 ,1.0 ,3.0 ,5.0 ,5.0 ,4.0 ,4.0 ,3.0 ,1.0 ,0.0 ,0.0 ,0.0 ,0.0 ,0.0 ,0.0 ,0.0 ,0.0 
0121,0.0 ,0.0 ,0.0 ,0.0 ,0.0 ,0.0 ,0.0 ,0.0 ,1.0 ,1.0 ,4.0 ,4.0 ,1.0 ,1.0 ,1.0 ,0.0 ,0.0 ,0.0 ,0.0 ,0.0 ,0.0 ,0.0 ,0.0 ,0.0 
0122,0.0 ,0.0 ,0.0 ,0.0 ,0.0 ,0.0 ,0.0 ,0.0 ,1.0 ,2.0 ,3.0 ,3.0 ,5.0 ,4.0 ,2.0 ,1.0 ,0.0 ,0.0 ,0.0 ,0.0 ,0.0 ,0.0 ,0.0 ,0.0 
0123,0.0 ,0.0 ,0.0 ,0.0 ,0.0 ,0.0 ,0.0 ,0.0 ,1.0 ,2.0 ,3.0 ,3.0 ,2.0 ,1.0 ,1.0 ,0.0 ,0.0 ,0.0 ,0.0 ,0.0 ,0.0 ,0.0 ,0.0 ,0.0 
0124,0.0 ,0.0 ,0.0 ,0.0 ,0.0 ,0.0 ,0.0 ,0.0 ,0.0 ,0.0 ,1.0 ,1.0 ,1.0 ,1.0 ,0.0 ,0.0 ,0.0 ,0.0 ,0.0 ,0.0 ,0.0 ,0.0 ,0.0 ,0.0 
0125,0.0 ,0.0 ,0.0 ,0.0 ,0.0 ,0.0 ,0.0 ,0.0 ,0.0 ,1.0 ,1.0 ,1.0 ,1.0 ,1.0 ,0.0 ,0.0 ,0.0 ,0.0 ,0.0 ,0.0 ,0.0 ,0.0 ,0.0 ,0.0 
0126,0.0 ,0.0 ,0.0 ,0.0 ,0.0 ,0.0 ,0.0 ,0.0 ,0.0 ,1.0 ,1.0 ,2.0 ,1.0 ,1.0 ,1.0 ,0.0 ,0.0 ,0.0 ,0.0 ,0.0 ,0.0 ,0.0 ,0.0 ,0.0 
0127,0.0 ,0.0 ,0.0 ,0.0 ,0.0 ,0.0 ,0.0 ,0.0 ,0.0 ,1.0 ,1.0 ,1.0 ,1.0 ,1.0 ,0.0 ,0.0 ,0.0 ,0.0 ,0.0 ,0.0 ,0.0 ,0.0 ,0.0 ,0.0 
0128,0.0 ,0.0 ,0.0 ,0.0 ,0.0 ,0.0 ,0.0 ,0.0 ,0.0 ,1.0 ,1.0 ,1.0 ,1.0 ,1.0 ,0.0 ,0.0 ,0.0 ,0.0 ,0.0 ,0.0 ,0.0 ,0.0 ,0.0 ,0.0 
0129,0.0 ,0.0 ,0.0 ,0.0 ,0.0 ,0.0 ,0.0 ,0.0 ,1.0 ,2.0 ,3.0 ,3.0 ,5.0 ,5.0 ,3.0 ,1.0 ,0.0 ,0.0 ,0.0 ,0.0 ,0.0 ,0.0 ,0.0 ,0.0 
0130,0.0 ,0.0 ,0.0 ,0.0 ,0.0 ,0.0 ,0.0 ,0.0 ,1.0 ,2.0 ,4.0 ,4.0 ,6.0 ,5.0 ,2.0 ,1.0 ,0.0 ,0.0 ,0.0 ,0.0 ,0.0 ,0.0 ,0.0 ,0.0 
0131,0.0 ,0.0 ,0.0 ,0.0 ,0.0 ,0.0 ,0.0 ,0.0 ,1.0 ,2.0 ,3.0 ,5.0 ,6.0 ,6.0 ,3.0 ,1.0 ,0.0 ,0.0 ,0.0 ,0.0 ,0.0 ,0.0 ,0.0 ,0.0 
0201,0.0 ,0.0 ,0.0 ,0.0 ,0.0 ,0.0 ,0.0 ,0.0 ,2.0 ,4.0 ,6.0 ,7.0 ,7.0 ,4.0 ,2.0 ,1.0 ,0.0 ,0.0 ,0.0 ,0.0 ,0.0 ,0.0 ,0.0 ,0.0 
0202,0.0 ,0.0 ,0.0 ,0.0 ,0.0 ,0.0 ,0.0 ,0.0 ,1.0 ,2.0 ,5.0 ,6.0 ,2.0 ,4.0 ,2.0 ,0.0 ,0.0 ,0.0 ,0.0 ,0.0 ,0.0 ,0.0 ,0.0 ,0.0 
0203,0.0 ,0.0 ,0.0 ,0.0 ,0.0 ,0.0 ,0.0 ,0.0 ,1.0 ,2.0 ,3.0 ,5.0 ,5.0 ,4.0 ,1.0 ,1.0 ,0.0 ,0.0 ,0.0 ,0.0 ,0.0 ,0.0 ,0.0 ,0.0 
0204,0.0 ,0.0 ,0.0 ,0.0 ,0.0 ,0.0 ,0.0 ,0.0 ,1.0 ,3.0 ,5.0 ,7.0 ,5.0 ,3.0 ,2.0 ,1.0 ,0.0 ,0.0 ,0.0 ,0.0 ,0.0 ,0.0 ,0.0 ,0.0 
0205,0.0 ,0.0 ,0.0 ,0.0 ,0.0 ,0.0 ,0.0 ,0.0 ,0.0 ,1.0 ,1.0 ,1.0 ,1.0 ,2.0 ,1.0 ,1.0 ,0.0 ,0.0 ,0.0 ,0.0 ,0.0 ,0.0 ,0.0 ,0.0 
0206,0.0 ,0.0 ,0.0 ,0.0 ,0.0 ,0.0 ,0.0 ,0.0 ,1.0 ,1.0 ,3.0 ,4.0 ,5.0 ,3.0 ,2.0 ,1.0 ,0.0 ,0.0 ,0.0 ,0.0 ,0.0 ,0.0 ,0.0 ,0.0 
0207,0.0 ,0.0 ,0.0 ,0.0 ,0.0 ,0.0 ,0.0 ,0.0 ,1.0 ,3.0 ,4.0 ,3.0 ,3.0 ,1.0 ,1.0 ,1.0 ,0.0 ,0.0 ,0.0 ,0.0 ,0.0 ,0.0 ,0.0 ,0.0 
0208,0.0 ,0.0 ,0.0 ,0.0 ,0.0 ,0.0 ,0.0 ,0.0 ,0.0 ,3.0 ,4.0 ,3.0 ,4.0 ,5.0 ,2.0 ,1.0 ,0.0 ,0.0 ,0.0 ,0.0 ,0.0 ,0.0 ,0.0 ,0.0 
0209,0.0 ,0.0 ,0.0 ,0.0 ,0.0 ,0.0 ,0.0 ,0.0 ,0.0 ,2.0 ,4.0 ,6.0 ,5.0 ,3.0 ,2.0 ,1.0 ,0.0 ,0.0 ,0.0 ,0.0 ,0.0 ,0.0 ,0.0 ,0.0 
0210,0.0 ,0.0 ,0.0 ,0.0 ,0.0 ,0.0 ,0.0 ,0.0 ,0.0 ,1.0 ,2.0 ,1.0 ,1.0 ,1.0 ,1.0 ,1.0 ,0.0 ,0.0 ,0.0 ,0.0 ,0.0 ,0.0 ,0.0 ,0.0 
0211,0.0 ,0.0 ,0.0 ,0.0 ,0.0 ,0.0 ,0.0 ,0.0 ,2.0 ,4.0 ,6.0 ,7.0 ,8.0 ,6.0 ,3.0 ,2.0 ,1.0 ,0.0 ,0.0 ,0.0 ,0.0 ,0.0 ,0.0 ,0.0 
0212,0.0 ,0.0 ,0.0 ,0.0 ,0.0 ,0.0 ,0.0 ,0.0 ,1.0 ,2.0 ,5.0 ,7.0 ,6.0 ,3.0 ,1.0 ,0.0 ,0.0 ,0.0 ,0.0 ,0.0 ,0.0 ,0.0 ,0.0 ,0.0 
0213,0.0 ,0.0 ,0.0 ,0.0 ,0.0 ,0.0 ,0.0 ,0.0 ,2.0 ,4.0 ,6.0 ,8.0 ,7.0 ,4.0 ,3.0 ,1.0 ,0.0 ,0.0 ,0.0 ,0.0 ,0.0 ,0.0 ,0.0 ,0.0 
0214,0.0 ,0.0 ,0.0 ,0.0 ,0.0 ,0.0 ,0.0 ,0.0 ,2.0 ,4.0 ,6.0 ,8.0 ,8.0 ,6.0 ,4.0 ,2.0 ,1.0 ,0.0 ,0.0 ,0.0 ,0.0 ,0.0 ,0.0 ,0.0 
0215,0.0 ,0.0 ,0.0 ,0.0 ,0.0 ,0.0 ,0.0 ,0.0 ,2.0 ,4.0 ,6.0 ,8.0 ,8.0 ,7.0 ,4.0 ,2.0 ,1.0 ,0.0 ,0.0 ,0.0 ,0.0 ,0.0 ,0.0 ,0.0 
0216,0.0 ,0.0 ,0.0 ,0.0 ,0.0 ,0.0 ,0.0 ,0.0 ,0.0 ,1.0 ,1.0 ,3.0 ,3.0 ,2.0 ,1.0 ,1.0 ,0.0 ,0.0 ,0.0 ,0.0 ,0.0 ,0.0 ,0.0 ,0.0 
0217,0.0 ,0.0 ,0.0 ,0.0 ,0.0 ,0.0 ,0.0 ,0.0 ,2.0 ,4.0 ,7.0 ,8.0 ,8.0 ,7.0 ,3.0 ,1.0 ,0.0 ,0.0 ,0.0 ,0.0 ,0.0 ,0.0 ,0.0 ,0.0 
0218,0.0 ,0.0 ,0.0 ,0.0 ,0.0 ,0.0 ,0.0 ,0.0 ,1.0 ,3.0 ,7.0 ,8.0 ,8.0 ,5.0 ,2.0 ,1.0 ,0.0 ,0.0 ,0.0 ,0.0 ,0.0 ,0.0 ,0.0 ,0.0 
0219,0.0 ,0.0 ,0.0 ,0.0 ,0.0 ,0.0 ,0.0 ,0.0 ,2.0 ,5.0 ,7.0 ,6.0 ,5.0 ,6.0 ,5.0 ,2.0 ,1.0 ,0.0 ,0.0 ,0.0 ,0.0 ,0.0 ,0.0 ,0.0 
0220,0.0 ,0.0 ,0.0 ,0.0 ,0.0 ,0.0 ,0.0 ,0.0 ,2.0 ,4.0 ,6.0 ,9.0 ,9.0 ,8.0 ,5.0 ,2.0 ,1.0 ,0.0 ,0.0 ,0.0 ,0.0 ,0.0 ,0.0 ,0.0 
0221,0.0 ,0.0 ,0.0 ,0.0 ,0.0 ,0.0 ,0.0 ,1.0 ,2.0 ,5.0 ,7.0 ,9.0 ,9.0 ,7.0 ,4.0 ,2.0 ,0.0 ,0.0 ,0.0 ,0.0 ,0.0 ,0.0 ,0.0 ,0.0 
0222,0.0 ,0.0 ,0.0 ,0.0 ,0.0 ,0.0 ,0.0 ,0.0 ,2.0 ,4.0 ,7.0 ,9.0 ,9.0 ,6.0 ,3.0 ,0.0 ,0.0 ,0.0 ,0.0 ,0.0 ,0.0 ,0.0 ,0.0 ,0.0 
0223,0.0 ,0.0 ,0.0 ,0.0 ,0.0 ,0.0 ,0.0 ,0.0 ,1.0 ,2.0 ,3.0 ,5.0 ,4.0 ,4.0 ,3.0 ,1.0 ,0.0 ,0.0 ,0.0 ,0.0 ,0.0 ,0.0 ,0.0 ,0.0 
0224,0.0 ,0.0 ,0.0 ,0.0 ,0.0 ,0.0 ,0.0 ,0.0 ,1.0 ,3.0 ,5.0 ,5.0 ,3.0 ,3.0 ,2.0 ,1.0 ,0.0 ,0.0 ,0.0 ,0.0 ,0.0 ,0.0 ,0.0 ,0.0 
0225,0.0 ,0.0 ,0.0 ,0.0 ,0.0 ,0.0 ,0.0 ,0.0 ,0.0 ,1.0 ,1.0 ,2.0 ,3.0 ,2.0 ,1.0 ,0.0 ,0.0 ,0.0 ,0.0 ,0.0 ,0.0 ,0.0 ,0.0 ,0.0 
0226,0.0 ,0.0 ,0.0 ,0.0 ,0.0 ,0.0 ,0.0 ,0.0 ,1.0 ,1.0 ,3.0 ,3.0 ,1.0 ,1.0 ,1.0 ,0.0 ,0.0 ,0.0 ,0.0 ,0.0 ,0.0 ,0.0 ,0.0 ,0.0 
0227,0.0 ,0.0 ,0.0 ,0.0 ,0.0 ,0.0 ,0.0 ,0.0 ,1.0 ,1.0 ,1.0 ,1.0 ,2.0 ,2.0 ,1.0 ,0.0 ,0.0 ,0.0 ,0.0 ,0.0 ,0.0 ,0.0 ,0.0 ,0.0 
0228,0.0 ,0.0 ,0.0 ,0.0 ,0.0 ,0.0 ,0.0 ,1.0 ,2.0 ,4.0 ,7.0 ,8.0 ,8.0 ,6.0 ,4.0 ,1.0 ,0.0 ,0.0 ,0.0 ,0.0 ,0.0 ,0.0 ,0.0 ,0.0 
0229,0.0 ,0.0 ,0.0 ,0.0 ,0.0 ,0.0 ,0.0 ,0.0 ,1.0 ,2.0 ,4.0 ,7.0 ,7.0 ,6.0 ,2.0 ,1.0 ,0.0 ,0.0 ,0.0 ,0.0 ,0.0 ,0.0 ,0.0 ,0.0 
0301,0.0 ,0.0 ,0.0 ,0.0 ,0.0 ,0.0 ,0.0 ,0.0 ,0.0 ,1.0 ,2.0 ,2.0 ,2.0 ,2.0 ,1.0 ,0.0 ,0.0 ,0.0 ,0.0 ,0.0 ,0.0 ,0.0 ,0.0 ,0.0 
0302,0.0 ,0.0 ,0.0 ,0.0 ,0.0 ,0.0 ,0.0 ,0.0 ,1.0 ,2.0 ,4.0 ,4.0 ,2.0 ,2.0 ,2.0 ,1.0 ,0.0 ,0.0 ,0.0 ,0.0 ,0.0 ,0.0 ,0.0 ,0.0 
0303,0.0 ,0.0 ,0.0 ,0.0 ,0.0 ,0.0 ,0.0 ,0.0 ,1.0 ,2.0 ,5.0 ,7.0 ,7.0 ,4.0 ,3.0 ,2.0 ,1.0 ,0.0 ,0.0 ,0.0 ,0.0 ,0.0 ,0.0 ,0.0 
0304,0.0 ,0.0 ,0.0 ,0.0 ,0.0 ,0.0 ,0.0 ,1.0 ,2.0 ,4.0 ,6.0 ,8.0 ,8.0 ,7.0 ,4.0 ,2.0 ,1.0 ,0.0 ,0.0 ,0.0 ,0.0 ,0.0 ,0.0 ,0.0 
0305,0.0 ,0.0 ,0.0 ,0.0 ,0.0 ,0.0 ,0.0 ,1.0 ,2.0 ,4.0 ,7.0 ,5.0 ,3.0 ,3.0 ,2.0 ,2.0 ,1.0 ,0.0 ,0.0 ,0.0 ,0.0 ,0.0 ,0.0 ,0.0 
0306,0.0 ,0.0 ,0.0 ,0.0 ,0.0 ,0.0 ,0.0 ,0.0 ,1.0 ,1.0 ,1.0 ,1.0 ,1.0 ,1.0 ,1.0 ,0.0 ,0.0 ,0.0 ,0.0 ,0.0 ,0.0 ,0.0 ,0.0 ,0.0 
0307,0.0 ,0.0 ,0.0 ,0.0 ,0.0 ,0.0 ,0.0 ,0.0 ,1.0 ,1.0 ,1.0 ,1.0 ,2.0 ,1.0 ,0.0 ,0.0 ,0.0 ,0.0 ,0.0 ,0.0 ,0.0 ,0.0 ,0.0 ,0.0 
0308,0.0 ,0.0 ,0.0 ,0.0 ,0.0 ,0.0 ,0.0 ,0.0 ,0.0 ,1.0 ,2.0 ,2.0 ,1.0 ,0.0 ,0.0 ,0.0 ,0.0 ,0.0 ,0.0 ,0.0 ,0.0 ,0.0 ,0.0 ,0.0 
0309,0.0 ,0.0 ,0.0 ,0.0 ,0.0 ,0.0 ,0.0 ,0.0 ,1.0 ,2.0 ,2.0 ,3.0 ,2.0 ,1.0 ,1.0 ,0.0 ,0.0 ,0.0 ,0.0 ,0.0 ,0.0 ,0.0 ,0.0 ,0.0 
0310,0.0 ,0.0 ,0.0 ,0.0 ,0.0 ,0.0 ,0.0 ,0.0 ,0.0 ,1.0 ,1.0 ,1.0 ,2.0 ,2.0 ,2.0 ,2.0 ,0.0 ,0.0 ,0.0 ,0.0 ,0.0 ,0.0 ,0.0 ,0.0 
0311,0.0 ,0.0 ,0.0 ,0.0 ,0.0 ,0.0 ,0.0 ,0.0 ,1.0 ,4.0 ,6.0 ,4.0 ,3.0 ,4.0 ,1.0 ,1.0 ,0.0 ,0.0 ,0.0 ,0.0 ,0.0 ,0.0 ,0.0 ,0.0 
0312,0.0 ,0.0 ,0.0 ,0.0 ,0.0 ,0.0 ,0.0 ,0.0 ,1.0 ,3.0 ,7.0 ,5.0 ,3.0 ,2.0 ,2.0 ,2.0 ,1.0 ,0.0 ,0.0 ,0.0 ,0.0 ,0.0 ,0.0 ,0.0 
0313,0.0 ,0.0 ,0.0 ,0.0 ,0.0 ,0.0 ,0.0 ,0.0 ,1.0 ,1.0 ,2.0 ,3.0 ,2.0 ,1.0 ,1.0 ,0.0 ,0.0 ,0.0 ,0.0 ,0.0 ,0.0 ,0.0 ,0.0 ,0.0 
0314,0.0 ,0.0 ,0.0 ,0.0 ,0.0 ,0.0 ,0.0 ,0.0 ,0.0 ,1.0 ,1.0 ,2.0 ,1.0 ,2.0 ,3.0 ,2.0 ,1.0 ,0.0 ,0.0 ,0.0 ,0.0 ,0.0 ,0.0 ,0.0 
0315,0.0 ,0.0 ,0.0 ,0.0 ,0.0 ,0.0 ,0.0 ,0.0 ,1.0 ,3.0 ,8.0 ,8.0 ,4.0 ,1.0 ,1.0 ,1.0 ,1.0 ,0.0 ,0.0 ,0.0 ,0.0 ,0.0 ,0.0 ,0.0 
0316,0.0 ,0.0 ,0.0 ,0.0 ,0.0 ,0.0 ,0.0 ,1.0 ,2.0 ,5.0 ,7.0 ,8.0 ,9.0 ,8.0 ,5.0 ,2.0 ,1.0 ,0.0 ,0.0 ,0.0 ,0.0 ,0.0 ,0.0 ,0.0 
0317,0.0 ,0.0 ,0.0 ,0.0 ,0.0 ,0.0 ,0.0 ,0.0 ,3.0 ,6.0 ,8.0 ,10.0 ,9.0 ,5.0 ,3.0 ,2.0 ,1.0 ,0.0 ,0.0 ,0.0 ,0.0 ,0.0 ,0.0 ,0.0 
0318,0.0 ,0.0 ,0.0 ,0.0 ,0.0 ,0.0 ,0.0 ,0.0 ,1.0 ,1.0 ,2.0 ,2.0 ,2.0 ,1.0 ,1.0 ,0.0 ,0.0 ,0.0 ,0.0 ,0.0 ,0.0 ,0.0 ,0.0 ,0.0 
0319,0.0 ,0.0 ,0.0 ,0.0 ,0.0 ,0.0 ,0.0 ,0.0 ,0.0 ,1.0 ,2.0 ,2.0 ,2.0 ,2.0 ,1.0 ,1.0 ,0.0 ,0.0 ,0.0 ,0.0 ,0.0 ,0.0 ,0.0 ,0.0 
0320,0.0 ,0.0 ,0.0 ,0.0 ,0.0 ,0.0 ,0.0 ,0.0 ,2.0 ,3.0 ,4.0 ,2.0 ,2.0 ,2.0 ,1.0 ,0.0 ,0.0 ,0.0 ,0.0 ,0.0 ,0.0 ,0.0 ,0.0 ,0.0 
0321,0.0 ,0.0 ,0.0 ,0.0 ,0.0 ,0.0 ,0.0 ,1.0 ,3.0 ,5.0 ,8.0 ,9.0 ,7.0 ,6.0 ,2.0 ,1.0 ,0.0 ,0.0 ,0.0 ,0.0 ,0.0 ,0.0 ,0.0 ,0.0 
0322,0.0 ,0.0 ,0.0 ,0.0 ,0.0 ,0.0 ,0.0 ,0.0 ,1.0 ,4.0 ,6.0 ,5.0 ,5.0 ,3.0 ,1.0 ,1.0 ,0.0 ,0.0 ,0.0 ,0.0 ,0.0 ,0.0 ,0.0 ,0.0 
0323,0.0 ,0.0 ,0.0 ,0.0 ,0.0 ,0.0 ,0.0 ,1.0 ,2.0 ,5.0 ,7.0 ,8.0 ,9.0 ,7.0 ,3.0 ,2.0 ,0.0 ,0.0 ,0.0 ,0.0 ,0.0 ,0.0 ,0.0 ,0.0 
0324,0.0 ,0.0 ,0.0 ,0.0 ,0.0 ,0.0 ,0.0 ,1.0 ,3.0 ,5.0 ,8.0 ,10.0 ,10.0 ,8.0 ,6.0 ,3.0 ,1.0 ,0.0 ,0.0 ,0.0 ,0.0 ,0.0 ,0.0 ,0.0 
0325,0.0 ,0.0 ,0.0 ,0.0 ,0.0 ,0.0 ,0.0 ,1.0 ,2.0 ,6.0 ,8.0 ,10.0 ,10.0 ,8.0 ,5.0 ,2.0 ,1.0 ,0.0 ,0.0 ,0.0 ,0.0 ,0.0 ,0.0 ,0.0 
0326,0.0 ,0.0 ,0.0 ,0.0 ,0.0 ,0.0 ,0.0 ,1.0 ,3.0 ,6.0 ,7.0 ,1.0 ,1.0 ,1.0 ,1.0 ,0.0 ,0.0 ,0.0 ,0.0 ,0.0 ,0.0 ,0.0 ,0.0 ,0.0 
0327,0.0 ,0.0 ,0.0 ,0.0 ,0.0 ,0.0 ,0.0 ,0.0 ,0.0 ,0.0 ,5.0 ,8.0 ,7.0 ,2.0 ,1.0 ,1.0 ,0.0 ,0.0 ,0.0 ,0.0 ,0.0 ,0.0 ,0.0 ,0.0 
0328,0.0 ,0.0 ,0.0 ,0.0 ,0.0 ,0.0 ,0.0 ,1.0 ,4.0 ,6.0 ,9.0 ,11.0 ,8.0 ,4.0 ,4.0 ,2.0 ,1.0 ,0.0 ,0.0 ,0.0 ,0.0 ,0.0 ,0.0 ,0.0 
0329,0.0 ,0.0 ,0.0 ,0.0 ,0.0 ,0.0 ,0.0 ,0.0 ,1.0 ,0.0 ,1.0 ,1.0 ,1.0 ,1.0 ,1.0 ,0.0 ,0.0 ,0.0 ,0.0 ,0.0 ,0.0 ,0.0 ,0.0 ,0.0 
0330,0.0 ,0.0 ,0.0 ,0.0 ,0.0 ,0.0 ,0.0 ,0.0 ,1.0 ,2.0 ,4.0 ,5.0 ,6.0 ,7.0 ,5.0 ,2.0 ,1.0 ,0.0 ,0.0 ,0.0 ,0.0 ,0.0 ,0.0 ,0.0 
0331,0.0 ,0.0 ,0.0 ,0.0 ,0.0 ,0.0 ,0.0 ,1.0 ,2.0 ,4.0 ,5.0 ,7.0 ,5.0 ,5.0 ,2.0 ,1.0 ,0.0 ,0.0 ,0.0 ,0.0 ,0.0 ,0.0 ,0.0 ,0.0 
0401,0.0 ,0.0 ,0.0 ,0.0 ,0.0 ,0.0 ,0.0 ,0.0 ,1.0 ,4.0 ,6.0 ,5.0 ,6.0 ,5.0 ,4.0 ,2.0 ,1.0 ,0.0 ,0.0 ,0.0 ,0.0 ,0.0 ,0.0 ,0.0 
0402,0.0 ,0.0 ,0.0 ,0.0 ,0.0 ,0.0 ,0.0 ,1.0 ,3.0 ,6.0 ,8.0 ,10.0 ,10.0 ,8.0 ,4.0 ,3.0 ,1.0 ,0.0 ,0.0 ,0.0 ,0.0 ,0.0 ,0.0 ,0.0 
0403,0.0 ,0.0 ,0.0 ,0.0 ,0.0 ,0.0 ,0.0 ,1.0 ,3.0 ,6.0 ,8.0 ,10.0 ,9.0 ,7.0 ,5.0 ,2.0 ,1.0 ,0.0 ,0.0 ,0.0 ,0.0 ,0.0 ,0.0 ,0.0 
0404,0.0 ,0.0 ,0.0 ,0.0 ,0.0 ,0.0 ,0.0 ,1.0 ,3.0 ,6.0 ,8.0 ,9.0 ,9.0 ,7.0 ,5.0 ,2.0 ,1.0 ,0.0 ,0.0 ,0.0 ,0.0 ,0.0 ,0.0 ,0.0 
0405,0.0 ,0.0 ,0.0 ,0.0 ,0.0 ,0.0 ,0.0 ,0.0 ,1.0 ,2.0 ,2.0 ,2.0 ,2.0 ,2.0 ,1.0 ,0.0 ,0.0 ,0.0 ,0.0 ,0.0 ,0.0 ,0.0 ,0.0 ,0.0 
0406,0.0 ,0.0 ,0.0 ,0.0 ,0.0 ,0.0 ,0.0 ,0.0 ,0.0 ,3.0 ,7.0 ,5.0 ,2.0 ,1.0 ,0.0 ,1.0 ,0.0 ,0.0 ,0.0 ,0.0 ,0.0 ,0.0 ,0.0 ,0.0 
0407,0.0 ,0.0 ,0.0 ,0.0 ,0.0 ,0.0 ,0.0 ,0.0 ,1.0 ,2.0 ,6.0 ,7.0 ,8.0 ,7.0 ,5.0 ,2.0 ,1.0 ,0.0 ,0.0 ,0.0 ,0.0 ,0.0 ,0.0 ,0.0 
0408,0.0 ,0.0 ,0.0 ,0.0 ,0.0 ,0.0 ,0.0 ,1.0 ,3.0 ,4.0 ,6.0 ,7.0 ,7.0 ,7.0 ,3.0 ,2.0 ,1.0 ,0.0 ,0.0 ,0.0 ,0.0 ,0.0 ,0.0 ,0.0 
0409,0.0 ,0.0 ,0.0 ,0.0 ,0.0 ,0.0 ,0.0 ,0.0 ,0.0 ,1.0 ,1.0 ,2.0 ,2.0 ,2.0 ,2.0 ,1.0 ,0.0 ,0.0 ,0.0 ,0.0 ,0.0 ,0.0 ,0.0 ,0.0 
0410,0.0 ,0.0 ,0.0 ,0.0 ,0.0 ,0.0 ,0.0 ,0.0 ,1.0 ,1.0 ,2.0 ,1.0 ,1.0 ,1.0 ,1.0 ,1.0 ,0.0 ,0.0 ,0.0 ,0.0 ,0.0 ,0.0 ,0.0 ,0.0 
0411,0.0 ,0.0 ,0.0 ,0.0 ,0.0 ,0.0 ,0.0 ,1.0 ,3.0 ,6.0 ,8.0 ,9.0 ,9.0 ,7.0 ,5.0 ,2.0 ,1.0 ,0.0 ,0.0 ,0.0 ,0.0 ,0.0 ,0.0 ,0.0 
0412,0.0 ,0.0 ,0.0 ,0.0 ,0.0 ,0.0 ,0.0 ,1.0 ,3.0 ,5.0 ,7.0 ,8.0 ,8.0 ,5.0 ,3.0 ,2.0 ,1.0 ,0.0 ,0.0 ,0.0 ,0.0 ,0.0 ,0.0 ,0.0 
0413,0.0 ,0.0 ,0.0 ,0.0 ,0.0 ,0.0 ,0.0 ,1.0 ,2.0 ,4.0 ,7.0 ,9.0 ,8.0 ,6.0 ,3.0 ,1.0 ,0.0 ,0.0 ,0.0 ,0.0 ,0.0 ,0.0 ,0.0 ,0.0 
0414,0.0 ,0.0 ,0.0 ,0.0 ,0.0 ,0.0 ,0.0 ,1.0 ,3.0 ,5.0 ,7.0 ,8.0 ,7.0 ,6.0 ,3.0 ,2.0 ,1.0 ,0.0 ,0.0 ,0.0 ,0.0 ,0.0 ,0.0 ,0.0 
0415,0.0 ,0.0 ,0.0 ,0.0 ,0.0 ,0.0 ,0.0 ,0.0 ,1.0 ,1.0 ,4.0 ,7.0 ,8.0 ,6.0 ,3.0 ,1.0 ,1.0 ,0.0 ,0.0 ,0.0 ,0.0 ,0.0 ,0.0 ,0.0 
0416,0.0 ,0.0 ,0.0 ,0.0 ,0.0 ,0.0 ,0.0 ,1.0 ,2.0 ,3.0 ,5.0 ,7.0 ,8.0 ,7.0 ,5.0 ,2.0 ,1.0 ,0.0 ,0.0 ,0.0 ,0.0 ,0.0 ,0.0 ,0.0 
0417,0.0 ,0.0 ,0.0 ,0.0 ,0.0 ,0.0 ,0.0 ,1.0 ,3.0 ,6.0 ,8.0 ,10.0 ,9.0 ,8.0 ,5.0 ,2.0 ,1.0 ,0.0 ,0.0 ,0.0 ,0.0 ,0.0 ,0.0 ,0.0 
0418,0.0 ,0.0 ,0.0 ,0.0 ,0.0 ,0.0 ,0.0 ,1.0 ,1.0 ,2.0 ,2.0 ,2.0 ,1.0 ,1.0 ,1.0 ,0.0 ,0.0 ,0.0 ,0.0 ,0.0 ,0.0 ,0.0 ,0.0 ,0.0 
0419,0.0 ,0.0 ,0.0 ,0.0 ,0.0 ,0.0 ,0.0 ,1.0 ,2.0 ,3.0 ,4.0 ,6.0 ,7.0 ,4.0 ,1.0 ,1.0 ,0.0 ,0.0 ,0.0 ,0.0 ,0.0 ,0.0 ,0.0 ,0.0 
0420,0.0 ,0.0 ,0.0 ,0.0 ,0.0 ,0.0 ,0.0 ,1.0 ,4.0 ,6.0 ,8.0 ,10.0 ,10.0 ,7.0 ,4.0 ,3.0 ,1.0 ,0.0 ,0.0 ,0.0 ,0.0 ,0.0 ,0.0 ,0.0 
0421,0.0 ,0.0 ,0.0 ,0.0 ,0.0 ,0.0 ,0.0 ,1.0 ,3.0 ,4.0 ,7.0 ,8.0 ,10.0 ,8.0 ,6.0 ,3.0 ,1.0 ,0.0 ,0.0 ,0.0 ,0.0 ,0.0 ,0.0 ,0.0 
0422,0.0 ,0.0 ,0.0 ,0.0 ,0.0 ,0.0 ,0.0 ,1.0 ,3.0 ,6.0 ,7.0 ,9.0 ,8.0 ,5.0 ,3.0 ,1.0 ,0.0 ,0.0 ,0.0 ,0.0 ,0.0 ,0.0 ,0.0 ,0.0 
0423,0.0 ,0.0 ,0.0 ,0.0 ,0.0 ,0.0 ,0.0 ,1.0 ,2.0 ,3.0 ,4.0 ,3.0 ,2.0 ,1.0 ,2.0 ,1.0 ,0.0 ,0.0 ,0.0 ,0.0 ,0.0 ,0.0 ,0.0 ,0.0 
0424,0.0 ,0.0 ,0.0 ,0.0 ,0.0 ,0.0 ,0.0 ,0.0 ,0.0 ,1.0 ,2.0 ,1.0 ,1.0 ,1.0 ,1.0 ,1.0 ,0.0 ,0.0 ,0.0 ,0.0 ,0.0 ,0.0 ,0.0 ,0.0 
0425,0.0 ,0.0 ,0.0 ,0.0 ,0.0 ,0.0 ,0.0 ,0.0 ,1.0 ,2.0 ,5.0 ,4.0 ,7.0 ,8.0 ,5.0 ,0.0 ,0.0 ,0.0 ,0.0 ,0.0 ,0.0 ,0.0 ,0.0 ,0.0 
0426,0.0 ,0.0 ,0.0 ,0.0 ,0.0 ,0.0 ,0.0 ,2.0 ,3.0 ,3.0 ,4.0 ,2.0 ,2.0 ,2.0 ,1.0 ,1.0 ,0.0 ,0.0 ,0.0 ,0.0 ,0.0 ,0.0 ,0.0 ,0.0 
0427,0.0 ,0.0 ,0.0 ,0.0 ,0.0 ,0.0 ,0.0 ,0.0 ,2.0 ,2.0 ,3.0 ,3.0 ,3.0 ,3.0 ,1.0 ,2.0 ,1.0 ,0.0 ,0.0 ,0.0 ,0.0 ,0.0 ,0.0 ,0.0 
0428,0.0 ,0.0 ,0.0 ,0.0 ,0.0 ,0.0 ,0.0 ,1.0 ,2.0 ,2.0 ,5.0 ,6.0 ,5.0 ,2.0 ,2.0 ,3.0 ,1.0 ,0.0 ,0.0 ,0.0 ,0.0 ,0.0 ,0.0 ,0.0 
0429,0.0 ,0.0 ,0.0 ,0.0 ,0.0 ,0.0 ,0.0 ,1.0 ,4.0 ,6.0 ,9.0 ,10.0 ,9.0 ,7.0 ,5.0 ,2.0 ,1.0 ,0.0 ,0.0 ,0.0 ,0.0 ,0.0 ,0.0 ,0.0 
0430,0.0 ,0.0 ,0.0 ,0.0 ,0.0 ,0.0 ,0.0 ,1.0 ,3.0 ,6.0 ,8.0 ,10.0 ,10.0 ,8.0 ,5.0 ,2.0 ,0.0 ,0.0 ,0.0 ,0.0 ,0.0 ,0.0 ,0.0 ,0.0 
0501,0.0 ,0.0 ,0.0 ,0.0 ,0.0 ,0.0 ,0.0 ,0.0 ,1.0 ,3.0 ,5.0 ,4.0 ,6.0 ,3.0 ,0.0 ,0.0 ,0.0 ,0.0 ,0.0 ,0.0 ,0.0 ,0.0 ,0.0 ,0.0 
0502,0.0 ,0.0 ,0.0 ,0.0 ,0.0 ,0.0 ,0.0 ,0.0 ,0.0 ,0.0 ,1.0 ,2.0 ,2.0 ,1.0 ,1.0 ,0.0 ,0.0 ,0.0 ,0.0 ,0.0 ,0.0 ,0.0 ,0.0 ,0.0 
0503,0.0 ,0.0 ,0.0 ,0.0 ,0.0 ,0.0 ,0.0 ,1.0 ,2.0 ,3.0 ,3.0 ,4.0 ,4.0 ,2.0 ,1.0 ,1.0 ,0.0 ,0.0 ,0.0 ,0.0 ,0.0 ,0.0 ,0.0 ,0.0 
0504,0.0 ,0.0 ,0.0 ,0.0 ,0.0 ,0.0 ,0.0 ,2.0 ,4.0 ,7.0 ,9.0 ,11.0 ,11.0 ,9.0 ,6.0 ,2.0 ,0.0 ,0.0 ,0.0 ,0.0 ,0.0 ,0.0 ,0.0 ,0.0 
0505,0.0 ,0.0 ,0.0 ,0.0 ,0.0 ,0.0 ,0.0 ,2.0 ,3.0 ,4.0 ,6.0 ,7.0 ,7.0 ,9.0 ,5.0 ,2.0 ,1.0 ,0.0 ,0.0 ,0.0 ,0.0 ,0.0 ,0.0 ,0.0 
0506,0.0 ,0.0 ,0.0 ,0.0 ,0.0 ,0.0 ,0.0 ,2.0 ,4.0 ,7.0 ,10.0 ,10.0 ,10.0 ,9.0 ,6.0 ,2.0 ,1.0 ,0.0 ,0.0 ,0.0 ,0.0 ,0.0 ,0.0 ,0.0 
0507,0.0 ,0.0 ,0.0 ,0.0 ,0.0 ,0.0 ,0.0 ,1.0 ,4.0 ,7.0 ,8.0 ,8.0 ,7.0 ,4.0 ,2.0 ,2.0 ,1.0 ,0.0 ,0.0 ,0.0 ,0.0 ,0.0 ,0.0 ,0.0 
0508,0.0 ,0.0 ,0.0 ,0.0 ,0.0 ,0.0 ,0.0 ,1.0 ,0.0 ,1.0 ,2.0 ,2.0 ,1.0 ,1.0 ,1.0 ,0.0 ,0.0 ,0.0 ,0.0 ,0.0 ,0.0 ,0.0 ,0.0 ,0.0 
0509,0.0 ,0.0 ,0.0 ,0.0 ,0.0 ,0.0 ,0.0 ,1.0 ,1.0 ,4.0 ,6.0 ,7.0 ,7.0 ,5.0 ,2.0 ,1.0 ,0.0 ,0.0 ,0.0 ,0.0 ,0.0 ,0.0 ,0.0 ,0.0 
0510,0.0 ,0.0 ,0.0 ,0.0 ,0.0 ,0.0 ,0.0 ,1.0 ,3.0 ,6.0 ,7.0 ,10.0 ,11.0 ,7.0 ,4.0 ,2.0 ,1.0 ,0.0 ,0.0 ,0.0 ,0.0 ,0.0 ,0.0 ,0.0 
0511,0.0 ,0.0 ,0.0 ,0.0 ,0.0 ,0.0 ,0.0 ,1.0 ,3.0 ,5.0 ,5.0 ,8.0 ,9.0 ,9.0 ,6.0 ,3.0 ,1.0 ,0.0 ,0.0 ,0.0 ,0.0 ,0.0 ,0.0 ,0.0 
0512,0.0 ,0.0 ,0.0 ,0.0 ,0.0 ,0.0 ,0.0 ,1.0 ,3.0 ,6.0 ,7.0 ,10.0 ,11.0 ,7.0 ,4.0 ,1.0 ,0.0 ,0.0 ,0.0 ,0.0 ,0.0 ,0.0 ,0.0 ,0.0 
0513,0.0 ,0.0 ,0.0 ,0.0 ,0.0 ,0.0 ,0.0 ,0.0 ,0.0 ,1.0 ,1.0 ,1.0 ,2.0 ,1.0 ,1.0 ,1.0 ,0.0 ,0.0 ,0.0 ,0.0 ,0.0 ,0.0 ,0.0 ,0.0 
0514,0.0 ,0.0 ,0.0 ,0.0 ,0.0 ,0.0 ,0.0 ,1.0 ,2.0 ,2.0 ,4.0 ,6.0 ,5.0 ,3.0 ,2.0 ,2.0 ,1.0 ,0.0 ,0.0 ,0.0 ,0.0 ,0.0 ,0.0 ,0.0 
0515,0.0 ,0.0 ,0.0 ,0.0 ,0.0 ,0.0 ,0.0 ,2.0 ,4.0 ,6.0 ,9.0 ,10.0 ,9.0 ,7.0 ,4.0 ,2.0 ,1.0 ,0.0 ,0.0 ,0.0 ,0.0 ,0.0 ,0.0 ,0.0 
0516,0.0 ,0.0 ,0.0 ,0.0 ,0.0 ,0.0 ,0.0 ,2.0 ,4.0 ,6.0 ,9.0 ,9.0 ,8.0 ,6.0 ,3.0 ,1.0 ,1.0 ,0.0 ,0.0 ,0.0 ,0.0 ,0.0 ,0.0 ,0.0 
0517,0.0 ,0.0 ,0.0 ,0.0 ,0.0 ,0.0 ,0.0 ,1.0 ,4.0 ,6.0 ,6.0 ,7.0 ,6.0 ,1.0 ,2.0 ,1.0 ,1.0 ,0.0 ,0.0 ,0.0 ,0.0 ,0.0 ,0.0 ,0.0 
0518,0.0 ,0.0 ,0.0 ,0.0 ,0.0 ,0.0 ,0.0 ,1.0 ,4.0 ,6.0 ,8.0 ,9.0 ,9.0 ,5.0 ,2.0 ,2.0 ,1.0 ,0.0 ,0.0 ,0.0 ,0.0 ,0.0 ,0.0 ,0.0 
0519,0.0 ,0.0 ,0.0 ,0.0 ,0.0 ,0.0 ,0.0 ,1.0 ,2.0 ,3.0 ,5.0 ,5.0 ,4.0 ,3.0 ,3.0 ,2.0 ,1.0 ,0.0 ,0.0 ,0.0 ,0.0 ,0.0 ,0.0 ,0.0 
0520,0.0 ,0.0 ,0.0 ,0.0 ,0.0 ,0.0 ,0.0 ,1.0 ,3.0 ,6.0 ,5.0 ,5.0 ,6.0 ,3.0 ,2.0 ,2.0 ,1.0 ,0.0 ,0.0 ,0.0 ,0.0 ,0.0 ,0.0 ,0.0 
0521,0.0 ,0.0 ,0.0 ,0.0 ,0.0 ,0.0 ,0.0 ,1.0 ,3.0 ,3.0 ,6.0 ,9.0 ,9.0 ,5.0 ,4.0 ,2.0 ,1.0 ,0.0 ,0.0 ,0.0 ,0.0 ,0.0 ,0.0 ,0.0 
0522,0.0 ,0.0 ,0.0 ,0.0 ,0.0 ,0.0 ,0.0 ,2.0 ,5.0 ,6.0 ,8.0 ,13.0 ,12.0 ,8.0 ,2.0 ,0.0 ,0.0 ,0.0 ,0.0 ,0.0 ,0.0 ,0.0 ,0.0 ,0.0 
0523,0.0 ,0.0 ,0.0 ,0.0 ,0.0 ,0.0 ,0.0 ,2.0 ,4.0 ,6.0 ,6.0 ,10.0 ,4.0 ,3.0 ,1.0 ,1.0 ,0.0 ,0.0 ,0.0 ,0.0 ,0.0 ,0.0 ,0.0 ,0.0 
0524,0.0 ,0.0 ,0.0 ,0.0 ,0.0 ,0.0 ,0.0 ,1.0 ,2.0 ,3.0 ,3.0 ,6.0 ,5.0 ,4.0 ,2.0 ,0.0 ,0.0 ,0.0 ,0.0 ,0.0 ,0.0 ,0.0 ,0.0 ,0.0 
0525,0.0 ,0.0 ,0.0 ,0.0 ,0.0 ,0.0 ,0.0 ,1.0 ,2.0 ,4.0 ,6.0 ,7.0 ,4.0 ,4.0 ,3.0 ,2.0 ,1.0 ,0.0 ,0.0 ,0.0 ,0.0 ,0.0 ,0.0 ,0.0 
0526,0.0 ,0.0 ,0.0 ,0.0 ,0.0 ,0.0 ,0.0 ,1.0 ,3.0 ,6.0 ,5.0 ,5.0 ,5.0 ,3.0 ,2.0 ,2.0 ,1.0 ,0.0 ,0.0 ,0.0 ,0.0 ,0.0 ,0.0 ,0.0 
0527,0.0 ,0.0 ,0.0 ,0.0 ,0.0 ,0.0 ,1.0 ,2.0 ,4.0 ,8.0 ,10.0 ,7.0 ,10.0 ,7.0 ,4.0 ,4.0 ,2.0 ,0.0 ,0.0 ,0.0 ,0.0 ,0.0 ,0.0 ,0.0 
0528,0.0 ,0.0 ,0.0 ,0.0 ,0.0 ,0.0 ,0.0 ,0.0 ,0.0 ,0.0 ,0.0 ,1.0 ,3.0 ,3.0 ,1.0 ,1.0 ,0.0 ,0.0 ,0.0 ,0.0 ,0.0 ,0.0 ,0.0 ,0.0 
0529,0.0 ,0.0 ,0.0 ,0.0 ,0.0 ,0.0 ,1.0 ,2.0 ,4.0 ,8.0 ,8.0 ,10.0 ,10.0 ,10.0 ,6.0 ,3.0 ,1.0 ,0.0 ,0.0 ,0.0 ,0.0 ,0.0 ,0.0 ,0.0 
0530,0.0 ,0.0 ,0.0 ,0.0 ,0.0 ,0.0 ,0.0 ,1.0 ,5.0 ,4.0 ,6.0 ,10.0 ,11.0 ,8.0 ,4.0 ,1.0 ,1.0 ,0.0 ,0.0 ,0.0 ,0.0 ,0.0 ,0.0 ,0.0 
0531,0.0 ,0.0 ,0.0 ,0.0 ,0.0 ,0.0 ,1.0 ,3.0 ,5.0 ,9.0 ,12.0 ,13.0 ,13.0 ,10.0 ,5.0 ,3.0 ,1.0 ,0.0 ,0.0 ,0.0 ,0.0 ,0.0 ,0.0 ,0.0 
0601,0.0 ,0.0 ,0.0 ,0.0 ,0.0 ,0.0 ,0.0 ,1.0 ,4.0 ,3.0 ,4.0 ,3.0 ,6.0 ,3.0 ,2.0 ,1.0 ,1.0 ,0.0 ,0.0 ,0.0 ,0.0 ,0.0 ,0.0 ,0.0 
0602,0.0 ,0.0 ,0.0 ,0.0 ,0.0 ,0.0 ,0.0 ,0.0 ,1.0 ,1.0 ,2.0 ,3.0 ,2.0 ,2.0 ,1.0 ,1.0 ,0.0 ,0.0 ,0.0 ,0.0 ,0.0 ,0.0 ,0.0 ,0.0 
0603,0.0 ,0.0 ,0.0 ,0.0 ,0.0 ,0.0 ,0.0 ,1.0 ,1.0 ,2.0 ,3.0 ,3.0 ,2.0 ,2.0 ,1.0 ,0.0 ,0.0 ,0.0 ,0.0 ,0.0 ,0.0 ,0.0 ,0.0 ,0.0 
0604,0.0 ,0.0 ,0.0 ,0.0 ,0.0 ,0.0 ,0.0 ,1.0 ,4.0 ,7.0 ,8.0 ,7.0 ,6.0 ,5.0 ,5.0 ,2.0 ,1.0 ,0.0 ,0.0 ,0.0 ,0.0 ,0.0 ,0.0 ,0.0 
0605,0.0 ,0.0 ,0.0 ,0.0 ,0.0 ,0.0 ,0.0 ,1.0 ,3.0 ,6.0 ,10.0 ,9.0 ,6.0 ,1.0 ,1.0 ,1.0 ,0.0 ,0.0 ,0.0 ,0.0 ,0.0 ,0.0 ,0.0 ,0.0 
0606,0.0 ,0.0 ,0.0 ,0.0 ,0.0 ,0.0 ,0.0 ,1.0 ,3.0 ,7.0 ,7.0 ,8.0 ,8.0 ,6.0 ,3.0 ,1.0 ,1.0 ,0.0 ,0.0 ,0.0 ,0.0 ,0.0 ,0.0 ,0.0 
0607,0.0 ,0.0 ,0.0 ,0.0 ,0.0 ,0.0 ,0.0 ,1.0 ,2.0 ,6.0 ,10.0 ,13.0 ,13.0 ,8.0 ,2.0 ,1.0 ,0.0 ,0.0 ,0.0 ,0.0 ,0.0 ,0.0 ,0.0 ,0.0 
0608,0.0 ,0.0 ,0.0 ,0.0 ,0.0 ,0.0 ,0.0 ,2.0 ,4.0 ,8.0 ,9.0 ,10.0 ,9.0 ,10.0 ,6.0 ,3.0 ,2.0 ,0.0 ,0.0 ,0.0 ,0.0 ,0.0 ,0.0 ,0.0 
0609,0.0 ,0.0 ,0.0 ,0.0 ,0.0 ,0.0 ,1.0 ,2.0 ,5.0 ,7.0 ,7.0 ,9.0 ,3.0 ,3.0 ,2.0 ,1.0 ,1.0 ,0.0 ,0.0 ,0.0 ,0.0 ,0.0 ,0.0 ,0.0 
0610,0.0 ,0.0 ,0.0 ,0.0 ,0.0 ,0.0 ,0.0 ,1.0 ,4.0 ,5.0 ,8.0 ,12.0 ,13.0 ,10.0 ,5.0 ,3.0 ,1.0 ,0.0 ,0.0 ,0.0 ,0.0 ,0.0 ,0.0 ,0.0 
0611,0.0 ,0.0 ,0.0 ,0.0 ,0.0 ,0.0 ,0.0 ,1.0 ,2.0 ,4.0 ,7.0 ,9.0 ,6.0 ,5.0 ,4.0 ,3.0 ,1.0 ,0.0 ,0.0 ,0.0 ,0.0 ,0.0 ,0.0 ,0.0 
0612,0.0 ,0.0 ,0.0 ,0.0 ,0.0 ,0.0 ,0.0 ,1.0 ,4.0 ,5.0 ,9.0 ,10.0 ,9.0 ,6.0 ,3.0 ,2.0 ,1.0 ,0.0 ,0.0 ,0.0 ,0.0 ,0.0 ,0.0 ,0.0 
0613,0.0 ,0.0 ,0.0 ,0.0 ,0.0 ,0.0 ,0.0 ,1.0 ,2.0 ,3.0 ,6.0 ,8.0 ,11.0 ,11.0 ,4.0 ,2.0 ,2.0 ,0.0 ,0.0 ,0.0 ,0.0 ,0.0 ,0.0 ,0.0 
0614,0.0 ,0.0 ,0.0 ,0.0 ,0.0 ,0.0 ,0.0 ,1.0 ,1.0 ,3.0 ,4.0 ,6.0 ,8.0 ,7.0 ,5.0 ,3.0 ,1.0 ,0.0 ,0.0 ,0.0 ,0.0 ,0.0 ,0.0 ,0.0 
0615,0.0 ,0.0 ,0.0 ,0.0 ,0.0 ,0.0 ,1.0 ,2.0 ,5.0 ,6.0 ,9.0 ,13.0 ,12.0 ,11.0 ,7.0 ,5.0 ,2.0 ,0.0 ,0.0 ,0.0 ,0.0 ,0.0 ,0.0 ,0.0 
0616,0.0 ,0.0 ,0.0 ,0.0 ,0.0 ,0.0 ,1.0 ,2.0 ,2.0 ,8.0 ,11.0 ,10.0 ,7.0 ,8.0 ,6.0 ,3.0 ,1.0 ,0.0 ,0.0 ,0.0 ,0.0 ,0.0 ,0.0 ,0.0 
0617,0.0 ,0.0 ,0.0 ,0.0 ,0.0 ,0.0 ,0.0 ,1.0 ,2.0 ,4.0 ,5.0 ,4.0 ,8.0 ,9.0 ,5.0 ,3.0 ,1.0 ,0.0 ,0.0 ,0.0 ,0.0 ,0.0 ,0.0 ,0.0 
0618,0.0 ,0.0 ,0.0 ,0.0 ,0.0 ,0.0 ,0.0 ,1.0 ,3.0 ,5.0 ,8.0 ,11.0 ,8.0 ,9.0 ,6.0 ,3.0 ,1.0 ,0.0 ,0.0 ,0.0 ,0.0 ,0.0 ,0.0 ,0.0 
0619,0.0 ,0.0 ,0.0 ,0.0 ,0.0 ,0.0 ,0.0 ,2.0 ,4.0 ,7.0 ,11.0 ,13.0 ,12.0 ,11.0 ,6.0 ,2.0 ,0.0 ,0.0 ,0.0 ,0.0 ,0.0 ,0.0 ,0.0 ,0.0 
0620,0.0 ,0.0 ,0.0 ,0.0 ,0.0 ,0.0 ,1.0 ,2.0 ,5.0 ,7.0 ,11.0 ,13.0 ,13.0 ,11.0 ,6.0 ,2.0 ,1.0 ,0.0 ,0.0 ,0.0 ,0.0 ,0.0 ,0.0 ,0.0 
0621,0.0 ,0.0 ,0.0 ,0.0 ,0.0 ,0.0 ,1.0 ,2.0 ,5.0 ,8.0 ,11.0 ,10.0 ,12.0 ,11.0 ,8.0 ,2.0 ,1.0 ,0.0 ,0.0 ,0.0 ,0.0 ,0.0 ,0.0 ,0.0 
0622,0.0 ,0.0 ,0.0 ,0.0 ,0.0 ,0.0 ,1.0 ,2.0 ,5.0 ,8.0 ,11.0 ,13.0 ,12.0 ,10.0 ,7.0 ,4.0 ,1.0 ,0.0 ,0.0 ,0.0 ,0.0 ,0.0 ,0.0 ,0.0 
0623,0.0 ,0.0 ,0.0 ,0.0 ,0.0 ,0.0 ,1.0 ,2.0 ,5.0 ,8.0 ,11.0 ,12.0 ,12.0 ,10.0 ,7.0 ,4.0 ,1.0 ,0.0 ,0.0 ,0.0 ,0.0 ,0.0 ,0.0 ,0.0 
0624,0.0 ,0.0 ,0.0 ,0.0 ,0.0 ,0.0 ,1.0 ,2.0 ,5.0 ,8.0 ,11.0 ,13.0 ,12.0 ,10.0 ,8.0 ,4.0 ,2.0 ,0.0 ,0.0 ,0.0 ,0.0 ,0.0 ,0.0 ,0.0 
0625,0.0 ,0.0 ,0.0 ,0.0 ,0.0 ,0.0 ,1.0 ,2.0 ,5.0 ,8.0 ,10.0 ,13.0 ,11.0 ,10.0 ,8.0 ,5.0 ,2.0 ,0.0 ,0.0 ,0.0 ,0.0 ,0.0 ,0.0 ,0.0 
0626,0.0 ,0.0 ,0.0 ,0.0 ,0.0 ,0.0 ,1.0 ,2.0 ,5.0 ,9.0 ,11.0 ,13.0 ,13.0 ,11.0 ,8.0 ,2.0 ,1.0 ,0.0 ,0.0 ,0.0 ,0.0 ,0.0 ,0.0 ,0.0 
0627,0.0 ,0.0 ,0.0 ,0.0 ,0.0 ,0.0 ,1.0 ,2.0 ,5.0 ,8.0 ,11.0 ,13.0 ,13.0 ,11.0 ,6.0 ,3.0 ,2.0 ,0.0 ,0.0 ,0.0 ,0.0 ,0.0 ,0.0 ,0.0 
0628,0.0 ,0.0 ,0.0 ,0.0 ,0.0 ,0.0 ,1.0 ,2.0 ,4.0 ,7.0 ,10.0 ,13.0 ,13.0 ,11.0 ,7.0 ,2.0 ,0.0 ,0.0 ,0.0 ,0.0 ,0.0 ,0.0 ,0.0 ,0.0 
0629,0.0 ,0.0 ,0.0 ,0.0 ,0.0 ,0.0 ,1.0 ,2.0 ,5.0 ,9.0 ,12.0 ,14.0 ,13.0 ,9.0 ,3.0 ,1.0 ,0.0 ,0.0 ,0.0 ,0.0 ,0.0 ,0.0 ,0.0 ,0.0 
0630,0.0 ,0.0 ,0.0 ,0.0 ,0.0 ,0.0 ,1.0 ,2.0 ,5.0 ,8.0 ,11.0 ,13.0 ,12.0 ,10.0 ,8.0 ,5.0 ,2.0 ,0.0 ,0.0 ,0.0 ,0.0 ,0.0 ,0.0 ,0.0 
0701,0.0 ,0.0 ,0.0 ,0.0 ,0.0 ,0.0 ,0.0 ,2.0 ,5.0 ,8.0 ,10.0 ,13.0 ,13.0 ,11.0 ,8.0 ,5.0 ,2.0 ,0.0 ,0.0 ,0.0 ,0.0 ,0.0 ,0.0 ,0.0 
0702,0.0 ,0.0 ,0.0 ,0.0 ,0.0 ,0.0 ,1.0 ,2.0 ,5.0 ,8.0 ,11.0 ,13.0 ,13.0 ,11.0 ,8.0 ,3.0 ,1.0 ,0.0 ,0.0 ,0.0 ,0.0 ,0.0 ,0.0 ,0.0 
0703,0.0 ,0.0 ,0.0 ,0.0 ,0.0 ,0.0 ,1.0 ,2.0 ,5.0 ,8.0 ,9.0 ,13.0 ,13.0 ,11.0 ,8.0 ,5.0 ,2.0 ,1.0 ,0.0 ,0.0 ,0.0 ,0.0 ,0.0 ,0.0 
0704,0.0 ,0.0 ,0.0 ,0.0 ,0.0 ,0.0 ,1.0 ,2.0 ,5.0 ,9.0 ,11.0 ,13.0 ,13.0 ,11.0 ,9.0 ,5.0 ,2.0 ,0.0 ,0.0 ,0.0 ,0.0 ,0.0 ,0.0 ,0.0 
0705,0.0 ,0.0 ,0.0 ,0.0 ,0.0 ,0.0 ,1.0 ,2.0 ,5.0 ,9.0 ,12.0 ,14.0 ,14.0 ,12.0 ,9.0 ,5.0 ,2.0 ,0.0 ,0.0 ,0.0 ,0.0 ,0.0 ,0.0 ,0.0 
0706,0.0 ,0.0 ,0.0 ,0.0 ,0.0 ,0.0 ,1.0 ,2.0 ,5.0 ,9.0 ,12.0 ,14.0 ,14.0 ,12.0 ,9.0 ,5.0 ,2.0 ,1.0 ,0.0 ,0.0 ,0.0 ,0.0 ,0.0 ,0.0 
0707,0.0 ,0.0 ,0.0 ,0.0 ,0.0 ,0.0 ,1.0 ,2.0 ,5.0 ,9.0 ,12.0 ,14.0 ,14.0 ,12.0 ,8.0 ,5.0 ,2.0 ,0.0 ,0.0 ,0.0 ,0.0 ,0.0 ,0.0 ,0.0 
0708,0.0 ,0.0 ,0.0 ,0.0 ,0.0 ,0.0 ,1.0 ,2.0 ,5.0 ,8.0 ,11.0 ,13.0 ,12.0 ,10.0 ,8.0 ,4.0 ,1.0 ,0.0 ,0.0 ,0.0 ,0.0 ,0.0 ,0.0 ,0.0 
0709,0.0 ,0.0 ,0.0 ,0.0 ,0.0 ,0.0 ,1.0 ,2.0 ,5.0 ,8.0 ,11.0 ,13.0 ,13.0 ,11.0 ,8.0 ,4.0 ,2.0 ,1.0 ,0.0 ,0.0 ,0.0 ,0.0 ,0.0 ,0.0 
0710,0.0 ,0.0 ,0.0 ,0.0 ,0.0 ,0.0 ,1.0 ,2.0 ,5.0 ,9.0 ,12.0 ,14.0 ,14.0 ,12.0 ,9.0 ,5.0 ,1.0 ,0.0 ,0.0 ,0.0 ,0.0 ,0.0 ,0.0 ,0.0 
0711,0.0 ,0.0 ,0.0 ,0.0 ,0.0 ,0.0 ,1.0 ,2.0 ,5.0 ,9.0 ,12.0 ,14.0 ,14.0 ,12.0 ,8.0 ,4.0 ,2.0 ,0.0 ,0.0 ,0.0 ,0.0 ,0.0 ,0.0 ,0.0 
0712,0.0 ,0.0 ,0.0 ,0.0 ,0.0 ,0.0 ,1.0 ,2.0 ,5.0 ,8.0 ,11.0 ,13.0 ,13.0 ,10.0 ,7.0 ,4.0 ,2.0 ,0.0 ,0.0 ,0.0 ,0.0 ,0.0 ,0.0 ,0.0 
0713,0.0 ,0.0 ,0.0 ,0.0 ,0.0 ,0.0 ,1.0 ,1.0 ,4.0 ,8.0 ,11.0 ,13.0 ,13.0 ,11.0 ,6.0 ,4.0 ,1.0 ,0.0 ,0.0 ,0.0 ,0.0 ,0.0 ,0.0 ,0.0 
0714,0.0 ,0.0 ,0.0 ,0.0 ,0.0 ,0.0 ,1.0 ,2.0 ,5.0 ,9.0 ,11.0 ,13.0 ,13.0 ,11.0 ,8.0 ,5.0 ,2.0 ,1.0 ,0.0 ,0.0 ,0.0 ,0.0 ,0.0 ,0.0 
0715,0.0 ,0.0 ,0.0 ,0.0 ,0.0 ,0.0 ,0.0 ,2.0 ,5.0 ,8.0 ,11.0 ,13.0 ,13.0 ,11.0 ,8.0 ,5.0 ,2.0 ,0.0 ,0.0 ,0.0 ,0.0 ,0.0 ,0.0 ,0.0 
0716,0.0 ,0.0 ,0.0 ,0.0 ,0.0 ,0.0 ,1.0 ,2.0 ,5.0 ,8.0 ,12.0 ,14.0 ,14.0 ,12.0 ,9.0 ,5.0 ,2.0 ,0.0 ,0.0 ,0.0 ,0.0 ,0.0 ,0.0 ,0.0 
0717,0.0 ,0.0 ,0.0 ,0.0 ,0.0 ,0.0 ,1.0 ,2.0 ,5.0 ,9.0 ,12.0 ,14.0 ,14.0 ,12.0 ,9.0 ,5.0 ,2.0 ,1.0 ,0.0 ,0.0 ,0.0 ,0.0 ,0.0 ,0.0 
0718,0.0 ,0.0 ,0.0 ,0.0 ,0.0 ,0.0 ,1.0 ,2.0 ,5.0 ,9.0 ,12.0 ,14.0 ,14.0 ,12.0 ,9.0 ,5.0 ,2.0 ,1.0 ,0.0 ,0.0 ,0.0 ,0.0 ,0.0 ,0.0 
0719,0.0 ,0.0 ,0.0 ,0.0 ,0.0 ,0.0 ,1.0 ,2.0 ,5.0 ,9.0 ,12.0 ,14.0 ,14.0 ,12.0 ,9.0 ,5.0 ,2.0 ,0.0 ,0.0 ,0.0 ,0.0 ,0.0 ,0.0 ,0.0 
0720,0.0 ,0.0 ,0.0 ,0.0 ,0.0 ,0.0 ,1.0 ,2.0 ,5.0 ,8.0 ,11.0 ,13.0 ,14.0 ,12.0 ,8.0 ,5.0 ,2.0 ,0.0 ,0.0 ,0.0 ,0.0 ,0.0 ,0.0 ,0.0 
0721,0.0 ,0.0 ,0.0 ,0.0 ,0.0 ,0.0 ,0.0 ,2.0 ,5.0 ,8.0 ,11.0 ,12.0 ,13.0 ,12.0 ,9.0 ,5.0 ,2.0 ,0.0 ,0.0 ,0.0 ,0.0 ,0.0 ,0.0 ,0.0 
0722,0.0 ,0.0 ,0.0 ,0.0 ,0.0 ,0.0 ,0.0 ,2.0 ,5.0 ,8.0 ,11.0 ,13.0 ,13.0 ,11.0 ,8.0 ,5.0 ,2.0 ,0.0 ,0.0 ,0.0 ,0.0 ,0.0 ,0.0 ,0.0 
0723,0.0 ,0.0 ,0.0 ,0.0 ,0.0 ,0.0 ,0.0 ,2.0 ,4.0 ,6.0 ,4.0 ,2.0 ,2.0 ,9.0 ,2.0 ,1.0 ,0.0 ,0.0 ,0.0 ,0.0 ,0.0 ,0.0 ,0.0 ,0.0 
0724,0.0 ,0.0 ,0.0 ,0.0 ,0.0 ,0.0 ,0.0 ,1.0 ,2.0 ,4.0 ,3.0 ,3.0 ,3.0 ,2.0 ,1.0 ,0.0 ,0.0 ,0.0 ,0.0 ,0.0 ,0.0 ,0.0 ,0.0 ,0.0 
0725,0.0 ,0.0 ,0.0 ,0.0 ,0.0 ,0.0 ,0.0 ,0.0 ,0.0 ,1.0 ,2.0 ,2.0 ,2.0 ,2.0 ,1.0 ,1.0 ,0.0 ,0.0 ,0.0 ,0.0 ,0.0 ,0.0 ,0.0 ,0.0 
0726,0.0 ,0.0 ,0.0 ,0.0 ,0.0 ,0.0 ,0.0 ,1.0 ,2.0 ,2.0 ,3.0 ,4.0 ,4.0 ,3.0 ,2.0 ,2.0 ,1.0 ,0.0 ,0.0 ,0.0 ,0.0 ,0.0 ,0.0 ,0.0 
0727,0.0 ,0.0 ,0.0 ,0.0 ,0.0 ,0.0 ,0.0 ,0.0 ,1.0 ,2.0 ,2.0 ,1.0 ,1.0 ,2.0 ,2.0 ,2.0 ,1.0 ,0.0 ,0.0 ,0.0 ,0.0 ,0.0 ,0.0 ,0.0 
0728,0.0 ,0.0 ,0.0 ,0.0 ,0.0 ,0.0 ,0.0 ,2.0 ,4.0 ,8.0 ,11.0 ,13.0 ,13.0 ,11.0 ,8.0 ,5.0 ,2.0 ,0.0 ,0.0 ,0.0 ,0.0 ,0.0 ,0.0 ,0.0 
0729,0.0 ,0.0 ,0.0 ,0.0 ,0.0 ,0.0 ,0.0 ,2.0 ,3.0 ,4.0 ,7.0 ,9.0 ,12.0 ,8.0 ,2.0 ,0.0 ,0.0 ,0.0 ,0.0 ,0.0 ,0.0 ,0.0 ,0.0 ,0.0 
0730,0.0 ,0.0 ,0.0 ,0.0 ,0.0 ,0.0 ,0.0 ,2.0 ,5.0 ,9.0 ,12.0 ,15.0 ,15.0 ,13.0 ,9.0 ,5.0 ,2.0 ,0.0 ,0.0 ,0.0 ,0.0 ,0.0 ,0.0 ,0.0 
0731,0.0 ,0.0 ,0.0 ,0.0 ,0.0 ,0.0 ,1.0 ,2.0 ,5.0 ,9.0 ,12.0 ,14.0 ,15.0 ,13.0 ,9.0 ,5.0 ,2.0 ,0.0 ,0.0 ,0.0 ,0.0 ,0.0 ,0.0 ,0.0 
0801,0.0 ,0.0 ,0.0 ,0.0 ,0.0 ,0.0 ,0.0 ,2.0 ,5.0 ,9.0 ,12.0 ,14.0 ,14.0 ,12.0 ,8.0 ,5.0 ,2.0 ,0.0 ,0.0 ,0.0 ,0.0 ,0.0 ,0.0 ,0.0 
0802,0.0 ,0.0 ,0.0 ,0.0 ,0.0 ,0.0 ,0.0 ,2.0 ,5.0 ,8.0 ,12.0 ,13.0 ,13.0 ,11.0 ,8.0 ,5.0 ,2.0 ,0.0 ,0.0 ,0.0 ,0.0 ,0.0 ,0.0 ,0.0 
0803,0.0 ,0.0 ,0.0 ,0.0 ,0.0 ,0.0 ,0.0 ,2.0 ,5.0 ,8.0 ,11.0 ,13.0 ,13.0 ,11.0 ,9.0 ,5.0 ,2.0 ,0.0 ,0.0 ,0.0 ,0.0 ,0.0 ,0.0 ,0.0 
0804,0.0 ,0.0 ,0.0 ,0.0 ,0.0 ,0.0 ,0.0 ,2.0 ,5.0 ,8.0 ,11.0 ,13.0 ,13.0 ,11.0 ,8.0 ,4.0 ,1.0 ,0.0 ,0.0 ,0.0 ,0.0 ,0.0 ,0.0 ,0.0 
0805,0.0 ,0.0 ,0.0 ,0.0 ,0.0 ,0.0 ,0.0 ,2.0 ,5.0 ,8.0 ,11.0 ,13.0 ,13.0 ,11.0 ,8.0 ,3.0 ,1.0 ,0.0 ,0.0 ,0.0 ,0.0 ,0.0 ,0.0 ,0.0 
0806,0.0 ,0.0 ,0.0 ,0.0 ,0.0 ,0.0 ,0.0 ,1.0 ,4.0 ,4.0 ,7.0 ,9.0 ,11.0 ,10.0 ,5.0 ,4.0 ,2.0 ,0.0 ,0.0 ,0.0 ,0.0 ,0.0 ,0.0 ,0.0 
0807,0.0 ,0.0 ,0.0 ,0.0 ,0.0 ,0.0 ,0.0 ,2.0 ,5.0 ,9.0 ,12.0 ,14.0 ,13.0 ,10.0 ,7.0 ,4.0 ,1.0 ,0.0 ,0.0 ,0.0 ,0.0 ,0.0 ,0.0 ,0.0 
0808,0.0 ,0.0 ,0.0 ,0.0 ,0.0 ,0.0 ,0.0 ,2.0 ,5.0 ,8.0 ,12.0 ,14.0 ,13.0 ,7.0 ,2.0 ,2.0 ,1.0 ,0.0 ,0.0 ,0.0 ,0.0 ,0.0 ,0.0 ,0.0 
0809,0.0 ,0.0 ,0.0 ,0.0 ,0.0 ,0.0 ,0.0 ,2.0 ,5.0 ,8.0 ,11.0 ,13.0 ,13.0 ,10.0 ,4.0 ,2.0 ,0.0 ,0.0 ,0.0 ,0.0 ,0.0 ,0.0 ,0.0 ,0.0 
0810,0.0 ,0.0 ,0.0 ,0.0 ,0.0 ,0.0 ,0.0 ,1.0 ,4.0 ,8.0 ,9.0 ,12.0 ,12.0 ,5.0 ,3.0 ,1.0 ,0.0 ,0.0 ,0.0 ,0.0 ,0.0 ,0.0 ,0.0 ,0.0 
0811,0.0 ,0.0 ,0.0 ,0.0 ,0.0 ,0.0 ,0.0 ,2.0 ,4.0 ,7.0 ,9.0 ,11.0 ,13.0 ,11.0 ,8.0 ,3.0 ,1.0 ,0.0 ,0.0 ,0.0 ,0.0 ,0.0 ,0.0 ,0.0 
0812,0.0 ,0.0 ,0.0 ,0.0 ,0.0 ,0.0 ,0.0 ,2.0 ,5.0 ,8.0 ,11.0 ,13.0 ,13.0 ,11.0 ,5.0 ,3.0 ,1.0 ,0.0 ,0.0 ,0.0 ,0.0 ,0.0 ,0.0 ,0.0 
0813,0.0 ,0.0 ,0.0 ,0.0 ,0.0 ,0.0 ,0.0 ,2.0 ,5.0 ,7.0 ,9.0 ,12.0 ,11.0 ,7.0 ,5.0 ,2.0 ,1.0 ,0.0 ,0.0 ,0.0 ,0.0 ,0.0 ,0.0 ,0.0 
0814,0.0 ,0.0 ,0.0 ,0.0 ,0.0 ,0.0 ,0.0 ,2.0 ,5.0 ,8.0 ,11.0 ,13.0 ,12.0 ,8.0 ,3.0 ,1.0 ,0.0 ,0.0 ,0.0 ,0.0 ,0.0 ,0.0 ,0.0 ,0.0 
0815,0.0 ,0.0 ,0.0 ,0.0 ,0.0 ,0.0 ,0.0 ,2.0 ,4.0 ,8.0 ,11.0 ,12.0 ,7.0 ,5.0 ,1.0 ,1.0 ,0.0 ,0.0 ,0.0 ,0.0 ,0.0 ,0.0 ,0.0 ,0.0 
0816,0.0 ,0.0 ,0.0 ,0.0 ,0.0 ,0.0 ,0.0 ,2.0 ,4.0 ,8.0 ,9.0 ,13.0 ,12.0 ,8.0 ,2.0 ,2.0 ,0.0 ,0.0 ,0.0 ,0.0 ,0.0 ,0.0 ,0.0 ,0.0 
0817,0.0 ,0.0 ,0.0 ,0.0 ,0.0 ,0.0 ,0.0 ,1.0 ,4.0 ,6.0 ,10.0 ,11.0 ,10.0 ,6.0 ,4.0 ,1.0 ,0.0 ,0.0 ,0.0 ,0.0 ,0.0 ,0.0 ,0.0 ,0.0 
0818,0.0 ,0.0 ,0.0 ,0.0 ,0.0 ,0.0 ,0.0 ,1.0 ,2.0 ,6.0 ,10.0 ,13.0 ,12.0 ,5.0 ,2.0 ,1.0 ,0.0 ,0.0 ,0.0 ,0.0 ,0.0 ,0.0 ,0.0 ,0.0 
0819,0.0 ,0.0 ,0.0 ,0.0 ,0.0 ,0.0 ,0.0 ,2.0 ,4.0 ,7.0 ,7.0 ,8.0 ,5.0 ,2.0 ,1.0 ,1.0 ,1.0 ,0.0 ,0.0 ,0.0 ,0.0 ,0.0 ,0.0 ,0.0 
0820,0.0 ,0.0 ,0.0 ,0.0 ,0.0 ,0.0 ,0.0 ,1.0 ,4.0 ,8.0 ,11.0 ,13.0 ,12.0 ,10.0 ,6.0 ,2.0 ,1.0 ,0.0 ,0.0 ,0.0 ,0.0 ,0.0 ,0.0 ,0.0 
0821,0.0 ,0.0 ,0.0 ,0.0 ,0.0 ,0.0 ,0.0 ,2.0 ,5.0 ,9.0 ,12.0 ,14.0 ,14.0 ,11.0 ,8.0 ,4.0 ,2.0 ,0.0 ,0.0 ,0.0 ,0.0 ,0.0 ,0.0 ,0.0 
0822,0.0 ,0.0 ,0.0 ,0.0 ,0.0 ,0.0 ,0.0 ,2.0 ,5.0 ,8.0 ,11.0 ,13.0 ,13.0 ,11.0 ,8.0 ,4.0 ,2.0 ,0.0 ,0.0 ,0.0 ,0.0 ,0.0 ,0.0 ,0.0 
0823,0.0 ,0.0 ,0.0 ,0.0 ,0.0 ,0.0 ,0.0 ,2.0 ,5.0 ,8.0 ,11.0 ,13.0 ,13.0 ,9.0 ,6.0 ,3.0 ,1.0 ,0.0 ,0.0 ,0.0 ,0.0 ,0.0 ,0.0 ,0.0 
0824,0.0 ,0.0 ,0.0 ,0.0 ,0.0 ,0.0 ,0.0 ,2.0 ,4.0 ,8.0 ,11.0 ,13.0 ,13.0 ,11.0 ,7.0 ,3.0 ,1.0 ,0.0 ,0.0 ,0.0 ,0.0 ,0.0 ,0.0 ,0.0 
0825,0.0 ,0.0 ,0.0 ,0.0 ,0.0 ,0.0 ,0.0 ,2.0 ,5.0 ,8.0 ,11.0 ,10.0 ,12.0 ,10.0 ,7.0 ,2.0 ,0.0 ,0.0 ,0.0 ,0.0 ,0.0 ,0.0 ,0.0 ,0.0 
0826,0.0 ,0.0 ,0.0 ,0.0 ,0.0 ,0.0 ,0.0 ,2.0 ,4.0 ,7.0 ,11.0 ,12.0 ,12.0 ,10.0 ,7.0 ,4.0 ,1.0 ,0.0 ,0.0 ,0.0 ,0.0 ,0.0 ,0.0 ,0.0 
0827,0.0 ,0.0 ,0.0 ,0.0 ,0.0 ,0.0 ,0.0 ,2.0 ,4.0 ,7.0 ,10.0 ,12.0 ,12.0 ,10.0 ,7.0 ,3.0 ,1.0 ,0.0 ,0.0 ,0.0 ,0.0 ,0.0 ,0.0 ,0.0 
0828,0.0 ,0.0 ,0.0 ,0.0 ,0.0 ,0.0 ,0.0 ,2.0 ,4.0 ,7.0 ,10.0 ,12.0 ,11.0 ,9.0 ,7.0 ,4.0 ,1.0 ,0.0 ,0.0 ,0.0 ,0.0 ,0.0 ,0.0 ,0.0 
0829,0.0 ,0.0 ,0.0 ,0.0 ,0.0 ,0.0 ,0.0 ,2.0 ,4.0 ,7.0 ,10.0 ,12.0 ,12.0 ,10.0 ,7.0 ,4.0 ,1.0 ,0.0 ,0.0 ,0.0 ,0.0 ,0.0 ,0.0 ,0.0 
0830,0.0 ,0.0 ,0.0 ,0.0 ,0.0 ,0.0 ,0.0 ,2.0 ,4.0 ,8.0 ,11.0 ,12.0 ,12.0 ,10.0 ,7.0 ,4.0 ,1.0 ,0.0 ,0.0 ,0.0 ,0.0 ,0.0 ,0.0 ,0.0 
0831,0.0 ,0.0 ,0.0 ,0.0 ,0.0 ,0.0 ,0.0 ,2.0 ,4.0 ,7.0 ,10.0 ,12.0 ,12.0 ,9.0 ,7.0 ,3.0 ,1.0 ,0.0 ,0.0 ,0.0 ,0.0 ,0.0 ,0.0 ,0.0 
0901,0.0 ,0.0 ,0.0 ,0.0 ,0.0 ,0.0 ,0.0 ,1.0 ,4.0 ,7.0 ,9.0 ,11.0 ,11.0 ,9.0 ,6.0 ,3.0 ,1.0 ,0.0 ,0.0 ,0.0 ,0.0 ,0.0 ,0.0 ,0.0 
0902,0.0 ,0.0 ,0.0 ,0.0 ,0.0 ,0.0 ,0.0 ,1.0 ,4.0 ,7.0 ,9.0 ,11.0 ,11.0 ,9.0 ,6.0 ,3.0 ,1.0 ,0.0 ,0.0 ,0.0 ,0.0 ,0.0 ,0.0 ,0.0 
0903,0.0 ,0.0 ,0.0 ,0.0 ,0.0 ,0.0 ,0.0 ,2.0 ,4.0 ,7.0 ,10.0 ,12.0 ,11.0 ,10.0 ,5.0 ,3.0 ,1.0 ,0.0 ,0.0 ,0.0 ,0.0 ,0.0 ,0.0 ,0.0 
0904,0.0 ,0.0 ,0.0 ,0.0 ,0.0 ,0.0 ,0.0 ,2.0 ,4.0 ,8.0 ,9.0 ,12.0 ,12.0 ,6.0 ,5.0 ,3.0 ,1.0 ,0.0 ,0.0 ,0.0 ,0.0 ,0.0 ,0.0 ,0.0 
0905,0.0 ,0.0 ,0.0 ,0.0 ,0.0 ,0.0 ,0.0 ,2.0 ,4.0 ,7.0 ,11.0 ,10.0 ,10.0 ,8.0 ,3.0 ,2.0 ,1.0 ,0.0 ,0.0 ,0.0 ,0.0 ,0.0 ,0.0 ,0.0 
0906,0.0 ,0.0 ,0.0 ,0.0 ,0.0 ,0.0 ,0.0 ,2.0 ,4.0 ,8.0 ,11.0 ,12.0 ,12.0 ,10.0 ,7.0 ,3.0 ,1.0 ,0.0 ,0.0 ,0.0 ,0.0 ,0.0 ,0.0 ,0.0 
0907,0.0 ,0.0 ,0.0 ,0.0 ,0.0 ,0.0 ,0.0 ,2.0 ,4.0 ,8.0 ,11.0 ,12.0 ,9.0 ,9.0 ,5.0 ,1.0 ,0.0 ,0.0 ,0.0 ,0.0 ,0.0 ,0.0 ,0.0 ,0.0 
0908,0.0 ,0.0 ,0.0 ,0.0 ,0.0 ,0.0 ,0.0 ,2.0 ,3.0 ,8.0 ,9.0 ,7.0 ,11.0 ,7.0 ,1.0 ,0.0 ,0.0 ,0.0 ,0.0 ,0.0 ,0.0 ,0.0 ,0.0 ,0.0 
0909,0.0 ,0.0 ,0.0 ,0.0 ,0.0 ,0.0 ,0.0 ,2.0 ,4.0 ,8.0 ,11.0 ,12.0 ,12.0 ,10.0 ,7.0 ,3.0 ,1.0 ,0.0 ,0.0 ,0.0 ,0.0 ,0.0 ,0.0 ,0.0 
0910,0.0 ,0.0 ,0.0 ,0.0 ,0.0 ,0.0 ,0.0 ,2.0 ,4.0 ,8.0 ,10.0 ,12.0 ,12.0 ,10.0 ,6.0 ,3.0 ,1.0 ,0.0 ,0.0 ,0.0 ,0.0 ,0.0 ,0.0 ,0.0 
0911,0.0 ,0.0 ,0.0 ,0.0 ,0.0 ,0.0 ,0.0 ,2.0 ,4.0 ,8.0 ,11.0 ,12.0 ,12.0 ,10.0 ,6.0 ,3.0 ,1.0 ,0.0 ,0.0 ,0.0 ,0.0 ,0.0 ,0.0 ,0.0 
0912,0.0 ,0.0 ,0.0 ,0.0 ,0.0 ,0.0 ,0.0 ,1.0 ,1.0 ,2.0 ,5.0 ,11.0 ,11.0 ,10.0 ,6.0 ,3.0 ,1.0 ,0.0 ,0.0 ,0.0 ,0.0 ,0.0 ,0.0 ,0.0 
0913,0.0 ,0.0 ,0.0 ,0.0 ,0.0 ,0.0 ,0.0 ,2.0 ,4.0 ,8.0 ,11.0 ,12.0 ,11.0 ,7.0 ,6.0 ,3.0 ,1.0 ,0.0 ,0.0 ,0.0 ,0.0 ,0.0 ,0.0 ,0.0 
0914,0.0 ,0.0 ,0.0 ,0.0 ,0.0 ,0.0 ,0.0 ,1.0 ,3.0 ,8.0 ,11.0 ,11.0 ,12.0 ,9.0 ,5.0 ,2.0 ,1.0 ,0.0 ,0.0 ,0.0 ,0.0 ,0.0 ,0.0 ,0.0 
0915,0.0 ,0.0 ,0.0 ,0.0 ,0.0 ,0.0 ,0.0 ,1.0 ,4.0 ,7.0 ,10.0 ,12.0 ,11.0 ,10.0 ,6.0 ,3.0 ,1.0 ,0.0 ,0.0 ,0.0 ,0.0 ,0.0 ,0.0 ,0.0 
0916,0.0 ,0.0 ,0.0 ,0.0 ,0.0 ,0.0 ,0.0 ,2.0 ,4.0 ,8.0 ,11.0 ,13.0 ,11.0 ,7.0 ,7.0 ,2.0 ,1.0 ,0.0 ,0.0 ,0.0 ,0.0 ,0.0 ,0.0 ,0.0 
0917,0.0 ,0.0 ,0.0 ,0.0 ,0.0 ,0.0 ,0.0 ,2.0 ,4.0 ,8.0 ,10.0 ,10.0 ,10.0 ,8.0 ,6.0 ,3.0 ,1.0 ,0.0 ,0.0 ,0.0 ,0.0 ,0.0 ,0.0 ,0.0 
0918,0.0 ,0.0 ,0.0 ,0.0 ,0.0 ,0.0 ,0.0 ,1.0 ,0.0 ,2.0 ,3.0 ,1.0 ,1.0 ,1.0 ,3.0 ,2.0 ,1.0 ,0.0 ,0.0 ,0.0 ,0.0 ,0.0 ,0.0 ,0.0 
0919,0.0 ,0.0 ,0.0 ,0.0 ,0.0 ,0.0 ,0.0 ,1.0 ,4.0 ,8.0 ,11.0 ,13.0 ,12.0 ,10.0 ,6.0 ,2.0 ,1.0 ,0.0 ,0.0 ,0.0 ,0.0 ,0.0 ,0.0 ,0.0 
0920,0.0 ,0.0 ,0.0 ,0.0 ,0.0 ,0.0 ,0.0 ,2.0 ,4.0 ,8.0 ,11.0 ,13.0 ,12.0 ,10.0 ,7.0 ,3.0 ,1.0 ,0.0 ,0.0 ,0.0 ,0.0 ,0.0 ,0.0 ,0.0 
0921,0.0 ,0.0 ,0.0 ,0.0 ,0.0 ,0.0 ,0.0 ,1.0 ,2.0 ,7.0 ,9.0 ,12.0 ,10.0 ,8.0 ,5.0 ,2.0 ,1.0 ,0.0 ,0.0 ,0.0 ,0.0 ,0.0 ,0.0 ,0.0 
0922,0.0 ,0.0 ,0.0 ,0.0 ,0.0 ,0.0 ,0.0 ,1.0 ,3.0 ,5.0 ,7.0 ,9.0 ,8.0 ,7.0 ,3.0 ,1.0 ,0.0 ,0.0 ,0.0 ,0.0 ,0.0 ,0.0 ,0.0 ,0.0 
0923,0.0 ,0.0 ,0.0 ,0.0 ,0.0 ,0.0 ,0.0 ,1.0 ,3.0 ,4.0 ,9.0 ,10.0 ,8.0 ,5.0 ,3.0 ,1.0 ,0.0 ,0.0 ,0.0 ,0.0 ,0.0 ,0.0 ,0.0 ,0.0 
0924,0.0 ,0.0 ,0.0 ,0.0 ,0.0 ,0.0 ,0.0 ,1.0 ,4.0 ,8.0 ,11.0 ,12.0 ,11.0 ,8.0 ,3.0 ,2.0 ,0.0 ,0.0 ,0.0 ,0.0 ,0.0 ,0.0 ,0.0 ,0.0 
0925,0.0 ,0.0 ,0.0 ,0.0 ,0.0 ,0.0 ,0.0 ,1.0 ,3.0 ,7.0 ,10.0 ,12.0 ,11.0 ,8.0 ,4.0 ,2.0 ,1.0 ,0.0 ,0.0 ,0.0 ,0.0 ,0.0 ,0.0 ,0.0 
0926,0.0 ,0.0 ,0.0 ,0.0 ,0.0 ,0.0 ,0.0 ,1.0 ,2.0 ,4.0 ,3.0 ,8.0 ,4.0 ,3.0 ,3.0 ,2.0 ,0.0 ,0.0 ,0.0 ,0.0 ,0.0 ,0.0 ,0.0 ,0.0 
0927,0.0 ,0.0 ,0.0 ,0.0 ,0.0 ,0.0 ,0.0 ,1.0 ,4.0 ,7.0 ,10.0 ,11.0 ,10.0 ,5.0 ,1.0 ,0.0 ,0.0 ,0.0 ,0.0 ,0.0 ,0.0 ,0.0 ,0.0 ,0.0 
0928,0.0 ,0.0 ,0.0 ,0.0 ,0.0 ,0.0 ,0.0 ,1.0 ,3.0 ,6.0 ,9.0 ,10.0 ,9.0 ,7.0 ,4.0 ,2.0 ,0.0 ,0.0 ,0.0 ,0.0 ,0.0 ,0.0 ,0.0 ,0.0 
0929,0.0 ,0.0 ,0.0 ,0.0 ,0.0 ,0.0 ,0.0 ,1.0 ,2.0 ,5.0 ,2.0 ,1.0 ,3.0 ,5.0 ,3.0 ,2.0 ,1.0 ,0.0 ,0.0 ,0.0 ,0.0 ,0.0 ,0.0 ,0.0 
0930,0.0 ,0.0 ,0.0 ,0.0 ,0.0 ,0.0 ,0.0 ,0.0 ,1.0 ,2.0 ,3.0 ,5.0 ,5.0 ,4.0 ,0.0 ,1.0 ,0.0 ,0.0 ,0.0 ,0.0 ,0.0 ,0.0 ,0.0 ,0.0 
1001.0 ,0.0 ,0.0 ,0.0 ,0.0 ,0.0 ,0.0 ,0.0 ,1.0 ,3.0 ,6.0 ,5.0 ,7.0 ,5.0 ,2.0 ,2.0 ,1.0 ,0.0 ,0.0 ,0.0 ,0.0 ,0.0 ,0.0 ,0.0 ,0.0 
1002.0 ,0.0 ,0.0 ,0.0 ,0.0 ,0.0 ,0.0 ,0.0 ,1.0 ,2.0 ,4.0 ,5.0 ,6.0 ,5.0 ,4.0 ,3.0 ,1.0 ,0.0 ,0.0 ,0.0 ,0.0 ,0.0 ,0.0 ,0.0 ,0.0 
1003.0 ,0.0 ,0.0 ,0.0 ,0.0 ,0.0 ,0.0 ,0.0 ,1.0 ,1.0 ,1.0 ,2.0 ,3.0 ,3.0 ,3.0 ,2.0 ,1.0 ,0.0 ,0.0 ,0.0 ,0.0 ,0.0 ,0.0 ,0.0 ,0.0 
1004.0 ,0.0 ,0.0 ,0.0 ,0.0 ,0.0 ,0.0 ,0.0 ,1.0 ,3.0 ,5.0 ,3.0 ,8.0 ,6.0 ,3.0 ,2.0 ,1.0 ,0.0 ,0.0 ,0.0 ,0.0 ,0.0 ,0.0 ,0.0 ,0.0 
1005.0 ,0.0 ,0.0 ,0.0 ,0.0 ,0.0 ,0.0 ,0.0 ,1.0 ,2.0 ,5.0 ,5.0 ,8.0 ,8.0 ,8.0 ,5.0 ,2.0 ,1.0 ,0.0 ,0.0 ,0.0 ,0.0 ,0.0 ,0.0 ,0.0 
1006.0 ,0.0 ,0.0 ,0.0 ,0.0 ,0.0 ,0.0 ,0.0 ,1.0 ,4.0 ,7.0 ,10.0 ,11.0 ,11.0 ,8.0 ,5.0 ,2.0 ,0.0 ,0.0 ,0.0 ,0.0 ,0.0 ,0.0 ,0.0 ,0.0 
1007.0 ,0.0 ,0.0 ,0.0 ,0.0 ,0.0 ,0.0 ,0.0 ,1.0 ,4.0 ,7.0 ,10.0 ,11.0 ,10.0 ,6.0 ,4.0 ,2.0 ,0.0 ,0.0 ,0.0 ,0.0 ,0.0 ,0.0 ,0.0 ,0.0 
1008.0 ,0.0 ,0.0 ,0.0 ,0.0 ,0.0 ,0.0 ,0.0 ,1.0 ,4.0 ,7.0 ,10.0 ,9.0 ,6.0 ,3.0 ,2.0 ,1.0 ,0.0 ,0.0 ,0.0 ,0.0 ,0.0 ,0.0 ,0.0 ,0.0 
1009.0 ,0.0 ,0.0 ,0.0 ,0.0 ,0.0 ,0.0 ,0.0 ,1.0 ,4.0 ,6.0 ,7.0 ,5.0 ,4.0 ,2.0 ,1.0 ,1.0 ,0.0 ,0.0 ,0.0 ,0.0 ,0.0 ,0.0 ,0.0 ,0.0 
1010.0 ,0.0 ,0.0 ,0.0 ,0.0 ,0.0 ,0.0 ,0.0 ,1.0 ,2.0 ,4.0 ,5.0 ,4.0 ,2.0 ,1.0 ,1.0 ,0.0 ,0.0 ,0.0 ,0.0 ,0.0 ,0.0 ,0.0 ,0.0 ,0.0 
1011.0 ,0.0 ,0.0 ,0.0 ,0.0 ,0.0 ,0.0 ,0.0 ,1.0 ,3.0 ,4.0 ,5.0 ,3.0 ,2.0 ,1.0 ,1.0 ,0.0 ,0.0 ,0.0 ,0.0 ,0.0 ,0.0 ,0.0 ,0.0 ,0.0 
1012.0 ,0.0 ,0.0 ,0.0 ,0.0 ,0.0 ,0.0 ,0.0 ,1.0 ,2.0 ,3.0 ,5.0 ,10.0 ,9.0 ,4.0 ,2.0 ,1.0 ,0.0 ,0.0 ,0.0 ,0.0 ,0.0 ,0.0 ,0.0 ,0.0 
1013.0 ,0.0 ,0.0 ,0.0 ,0.0 ,0.0 ,0.0 ,0.0 ,1.0 ,3.0 ,6.0 ,8.0 ,10.0 ,8.0 ,5.0 ,4.0 ,2.0 ,0.0 ,0.0 ,0.0 ,0.0 ,0.0 ,0.0 ,0.0 ,0.0 
1014.0 ,0.0 ,0.0 ,0.0 ,0.0 ,0.0 ,0.0 ,0.0 ,1.0 ,3.0 ,6.0 ,8.0 ,9.0 ,9.0 ,7.0 ,4.0 ,1.0 ,0.0 ,0.0 ,0.0 ,0.0 ,0.0 ,0.0 ,0.0 ,0.0 
1015.0 ,0.0 ,0.0 ,0.0 ,0.0 ,0.0 ,0.0 ,0.0 ,1.0 ,3.0 ,6.0 ,8.0 ,9.0 ,9.0 ,6.0 ,2.0 ,1.0 ,0.0 ,0.0 ,0.0 ,0.0 ,0.0 ,0.0 ,0.0 ,0.0 
1016.0 ,0.0 ,0.0 ,0.0 ,0.0 ,0.0 ,0.0 ,0.0 ,1.0 ,3.0 ,6.0 ,8.0 ,9.0 ,7.0 ,5.0 ,4.0 ,1.0 ,0.0 ,0.0 ,0.0 ,0.0 ,0.0 ,0.0 ,0.0 ,0.0 
1017.0 ,0.0 ,0.0 ,0.0 ,0.0 ,0.0 ,0.0 ,0.0 ,1.0 ,3.0 ,6.0 ,8.0 ,9.0 ,9.0 ,7.0 ,4.0 ,2.0 ,0.0 ,0.0 ,0.0 ,0.0 ,0.0 ,0.0 ,0.0 ,0.0 
1018.0 ,0.0 ,0.0 ,0.0 ,0.0 ,0.0 ,0.0 ,0.0 ,1.0 ,3.0 ,6.0 ,8.0 ,9.0 ,9.0 ,7.0 ,4.0 ,2.0 ,0.0 ,0.0 ,0.0 ,0.0 ,0.0 ,0.0 ,0.0 ,0.0 
1019.0 ,0.0 ,0.0 ,0.0 ,0.0 ,0.0 ,0.0 ,0.0 ,1.0 ,3.0 ,6.0 ,8.0 ,9.0 ,9.0 ,7.0 ,4.0 ,2.0 ,0.0 ,0.0 ,0.0 ,0.0 ,0.0 ,0.0 ,0.0 ,0.0 
1020.0 ,0.0 ,0.0 ,0.0 ,0.0 ,0.0 ,0.0 ,0.0 ,0.0 ,2.0 ,3.0 ,4.0 ,6.0 ,5.0 ,5.0 ,2.0 ,1.0 ,0.0 ,0.0 ,0.0 ,0.0 ,0.0 ,0.0 ,0.0 ,0.0 
1021.0 ,0.0 ,0.0 ,0.0 ,0.0 ,0.0 ,0.0 ,0.0 ,0.0 ,2.0 ,5.0 ,7.0 ,9.0 ,6.0 ,5.0 ,3.0 ,1.0 ,0.0 ,0.0 ,0.0 ,0.0 ,0.0 ,0.0 ,0.0 ,0.0 
1022.0 ,0.0 ,0.0 ,0.0 ,0.0 ,0.0 ,0.0 ,0.0 ,1.0 ,3.0 ,5.0 ,8.0 ,8.0 ,8.0 ,6.0 ,3.0 ,1.0 ,0.0 ,0.0 ,0.0 ,0.0 ,0.0 ,0.0 ,0.0 ,0.0 
1023.0 ,0.0 ,0.0 ,0.0 ,0.0 ,0.0 ,0.0 ,0.0 ,0.0 ,2.0 ,3.0 ,4.0 ,7.0 ,4.0 ,3.0 ,2.0 ,1.0 ,0.0 ,0.0 ,0.0 ,0.0 ,0.0 ,0.0 ,0.0 ,0.0 
1024.0 ,0.0 ,0.0 ,0.0 ,0.0 ,0.0 ,0.0 ,0.0 ,0.0 ,1.0 ,2.0 ,3.0 ,2.0 ,3.0 ,2.0 ,1.0 ,0.0 ,0.0 ,0.0 ,0.0 ,0.0 ,0.0 ,0.0 ,0.0 ,0.0 
1025.0 ,0.0 ,0.0 ,0.0 ,0.0 ,0.0 ,0.0 ,0.0 ,0.0 ,3.0 ,6.0 ,6.0 ,6.0 ,4.0 ,2.0 ,1.0 ,0.0 ,0.0 ,0.0 ,0.0 ,0.0 ,0.0 ,0.0 ,0.0 ,0.0 
1026.0 ,0.0 ,0.0 ,0.0 ,0.0 ,0.0 ,0.0 ,0.0 ,0.0 ,1.0 ,2.0 ,3.0 ,3.0 ,3.0 ,2.0 ,2.0 ,1.0 ,0.0 ,0.0 ,0.0 ,0.0 ,0.0 ,0.0 ,0.0 ,0.0 
1027.0 ,0.0 ,0.0 ,0.0 ,0.0 ,0.0 ,0.0 ,0.0 ,1.0 ,2.0 ,5.0 ,8.0 ,9.0 ,8.0 ,6.0 ,4.0 ,1.0 ,0.0 ,0.0 ,0.0 ,0.0 ,0.0 ,0.0 ,0.0 ,0.0 
1028.0 ,0.0 ,0.0 ,0.0 ,0.0 ,0.0 ,0.0 ,0.0 ,1.0 ,2.0 ,5.0 ,7.0 ,9.0 ,6.0 ,3.0 ,2.0 ,1.0 ,0.0 ,0.0 ,0.0 ,0.0 ,0.0 ,0.0 ,0.0 ,0.0 
1029.0 ,0.0 ,0.0 ,0.0 ,0.0 ,0.0 ,0.0 ,0.0 ,1.0 ,3.0 ,6.0 ,7.0 ,9.0 ,7.0 ,6.0 ,2.0 ,1.0 ,0.0 ,0.0 ,0.0 ,0.0 ,0.0 ,0.0 ,0.0 ,0.0 
1030.0 ,0.0 ,0.0 ,0.0 ,0.0 ,0.0 ,0.0 ,0.0 ,1.0 ,1.0 ,3.0 ,3.0 ,4.0 ,4.0 ,2.0 ,1.0 ,0.0 ,0.0 ,0.0 ,0.0 ,0.0 ,0.0 ,0.0 ,0.0 ,0.0 
1031.0 ,0.0 ,0.0 ,0.0 ,0.0 ,0.0 ,0.0 ,0.0 ,0.0 ,0.0 ,0.0 ,0.0 ,0.0 ,0.0 ,0.0 ,0.0 ,0.0 ,0.0 ,0.0 ,0.0 ,0.0 ,0.0 ,0.0 ,0.0 ,0.0 
